# Copyright 2019 Materialize, Inc. All rights reserved.
#
# This file is part of Materialize. Materialize may not be used or
# distributed without the express permission of Materialize, Inc.

mode cockroach

statement ok
CREATE TABLE dateish (
    a DATE
)

statement ok
INSERT INTO dateish VALUES (DATE '2000-01-01'), (DATE '2019-12-31')

query T rowsort
SELECT a FROM dateish
----
2000-01-01
2019-12-31

query T
SELECT MAX(a) FROM dateish
----
2019-12-31

query T
SELECT MIN(a) FROM dateish
----
2000-01-01

statement ok
CREATE TABLE timestampish (
    b TIMESTAMP
)

statement ok
INSERT INTO timestampish
VALUES
    (TIMESTAMP '1969-06-01 10:10:10.410'),
    (TIMESTAMP '1997-02-03 11:12:59.9'),
    (TIMESTAMP '2020-01-01 1:2:3.789')

query T rowsort
SELECT b FROM timestampish
----
1969-06-01 10:10:10.410
1997-02-03 11:12:59.900
2020-01-01 01:02:03.789

query T
SELECT MAX(b) FROM timestampish
----
2020-01-01 01:02:03.789

query T
SELECT MIN(b) FROM timestampish
----
1969-06-01 10:10:10.410

query T
SELECT INTERVAL '1' MONTH
----
1 month

query T
SELECT INTERVAL '1' YEAR
----
1 year

query T
SELECT INTERVAL '1-3' YEAR TO MONTH
----
1 year 3 months

query T
SELECT INTERVAL '1' MINUTE
----
01:00

statement ok
CREATE TABLE iv_ish (
    b INTERVAL
)

statement ok
INSERT INTO iv_ish VALUES (INTERVAL '1' YEAR), (INTERVAL '3' HOUR), (INTERVAL '4 2' DAY TO HOUR)

query T rowsort
SELECT * FROM iv_ish
----
4 days 02:00:00
1 year
03:00:00

# Date arithmetic with month intervals.

query T
SELECT DATE '2000-01-01' + INTERVAL '1' MONTH
----
2000-02-01 00:00:00

# Test that DATE + INTERVAL addition works in both orders.
query T
SELECT INTERVAL '1' MONTH + DATE '2000-01-01'
----
2000-02-01 00:00:00

query T
SELECT DATE '2000-01-01' + INTERVAL '1' YEAR
----
2001-01-01 00:00:00

query T
SELECT DATE '2000-01-01' + INTERVAL '-1' MONTH
----
1999-12-01 00:00:00

query T
SELECT DATE '2000-01-01' - INTERVAL '1' MONTH
----
1999-12-01 00:00:00

query T
SELECT DATE '2000-01-01' - INTERVAL '-1' MONTH
----
2000-02-01 00:00:00

query T
SELECT DATE '2000-01-01' - INTERVAL '1' YEAR
----
1999-01-01 00:00:00

statement error no overload for interval - timestamp
SELECT INTERVAL '1' YEAR - DATE '2000-01-01'

# Timestamp arithmetic with month intervals. Should behave the same as DATE.

query T
SELECT TIMESTAMP '2000-01-01 00:00:00' + INTERVAL '1' YEAR
----
2001-01-01 00:00:00

query T
SELECT TIMESTAMP '2000-01-01 00:00:00' - INTERVAL '1' YEAR
----
1999-01-01 00:00:00

statement error no overload for interval - timestamp
SELECT INTERVAL '1' YEAR - TIMESTAMP '2000-01-01 00:00:00'

# Date arithmetic with duration intervals.

query T
SELECT DATE '2000-01-01' + INTERVAL '7' DAY
----
2000-01-08 00:00:00

# Test that DATE + INTERVAL addition works in both orders.
query T
SELECT INTERVAL '7' DAY + DATE '2000-01-01'
----
2000-01-08 00:00:00

query T
SELECT DATE '2000-01-01' + INTERVAL '7 5:4:3.2' DAY TO SECOND
----
2000-01-08 05:04:03.200

query T
SELECT DATE '2000-01-01' + INTERVAL '4' HOUR
----
2000-01-01 04:00:00

query T
SELECT DATE '2000-01-01' + INTERVAL '3' MINUTE
----
2000-01-01 00:03:00

query T
SELECT DATE '2000-01-01' + INTERVAL '22' SECOND
----
2000-01-01 00:00:22

query T
SELECT DATE '2000-01-01' + INTERVAL '22.0044' SECOND
----
2000-01-01 00:00:22.004400

query T
SELECT DATE '2000-01-01' - INTERVAL '22' DAY
----
1999-12-10 00:00:00

query T
SELECT DATE '2000-01-01' - INTERVAL '22' SECOND
----
1999-12-31 23:59:38

# Timestamp arithmetic with duration intervals.

query T
SELECT TIMESTAMP '2000-01-01 00:00:00' + INTERVAL '7' HOUR
----
2000-01-01 07:00:00

# date and time comparisons after interval math

query B
SELECT DATE '2000-01-01' < DATE '1999-01-01' + INTERVAL '2' YEAR
----
true

query B
SELECT DATE '2000-01-01' > DATE '1999-01-01' + INTERVAL '2' YEAR
----
false

query B
SELECT DATE '2000-01-01' <= DATE '1999-01-01' + INTERVAL '2' YEAR
----
true

query B
SELECT DATE '2000-01-01' >= DATE '1999-01-01' + INTERVAL '2' YEAR
----
false

query T
SELECT DATE '2001-01-01' + INTERVAL '3' YEAR
----
2004-01-01 00:00:00

# Check Comparisons

query T
SELECT * FROM dateish WHERE a <= DATE '1999-01-01' + INTERVAL '2' YEAR
----
2000-01-01

query T
SELECT * FROM dateish WHERE a < DATE '1999-01-01' + INTERVAL '2' YEAR
----
2000-01-01

query T
SELECT * FROM dateish WHERE a <= DATE '1999-12-31' + INTERVAL '2' DAY
----
2000-01-01

query T
SELECT * FROM dateish WHERE a = DATE '1999-12-31' + INTERVAL '1' DAY
----
2000-01-01


# same as above, but inverted

query T
SELECT * FROM dateish WHERE a >= DATE '1999-01-01' + INTERVAL '2' YEAR
----
2019-12-31

query T
SELECT * FROM dateish WHERE a > DATE '1999-01-01' + INTERVAL '2' YEAR
----
2019-12-31

query T
SELECT * FROM dateish WHERE a >= DATE '1999-12-31' + INTERVAL '2' DAY
----
2019-12-31

query T
SELECT * FROM dateish WHERE a != DATE '1999-12-31' + INTERVAL '1' DAY
----
2019-12-31

query T rowsort
SELECT * FROM dateish WHERE a != DATE '1999-12-31' + INTERVAL '2' DAY
----
2000-01-01
2019-12-31

# Comparisons with timestamps

statement ok
CREATE TABLE timestamp_compares (
    c TIMESTAMP
)

statement ok
INSERT INTO timestamp_compares
VALUES
    (TIMESTAMP '1999-12-31 01:01:01'),
    (TIMESTAMP '2009-01-01 09:09:09.9')

query T
SELECT c FROM timestamp_compares WHERE c = TIMESTAMP '2009-01-01 09:09:09.9'
----
2009-01-01 09:09:09.900

query T
SELECT c FROM timestamp_compares WHERE c = TIMESTAMP '2008-12-31 09:09:09.9' + INTERVAL '1' DAY
----
2009-01-01 09:09:09.900

query T
SELECT c FROM timestamp_compares WHERE c = TIMESTAMP '2008-12-01 09:09:09.9' + INTERVAL '1' MONTH
----
2009-01-01 09:09:09.900

query T rowsort
SELECT c FROM timestamp_compares WHERE c < TIMESTAMP '2008-12-31 09:09:09.9' + INTERVAL '2' MONTH
----
1999-12-31 01:01:01
2009-01-01 09:09:09.900

# some inverses

query T
SELECT c FROM timestamp_compares WHERE c != TIMESTAMP '2009-01-01 09:09:09.9'
----
1999-12-31 01:01:01

query T
SELECT c FROM timestamp_compares WHERE c != TIMESTAMP '2008-12-31 09:09:09.9' + INTERVAL '1' DAY
----
1999-12-31 01:01:01

query T
SELECT c FROM timestamp_compares WHERE c != TIMESTAMP '2008-12-01 09:09:09.9' + INTERVAL '1' MONTH
----
1999-12-31 01:01:01

query T rowsort
SELECT c FROM timestamp_compares WHERE c > TIMESTAMP '2008-12-31 09:09:09.9' + INTERVAL '2' MONTH
----

statement ok
CREATE TABLE timestampwithtzish (
    t timestamp
)

statement ok
INSERT INTO timestampwithtzish
VALUES
    (TIMESTAMP WITH TIME ZONE '1999-12-31 11:11:01+04:00'),
    (TIMESTAMP WITH TIME ZONE '1999-12-31 16:16:01+02:30'),
    (TIMESTAMP WITH TIME ZONE '1999-12-31 20:00:00-12'),
    (TIMESTAMP WITH TIME ZONE '1999-12-31 18:00:00+12')

query T rowsort
SELECT * FROM timestampwithtzish
----
1999-12-31 06:00:00
1999-12-31 07:11:01
1999-12-31 13:46:01
2000-01-01 08:00:00

statement ok
CREATE TABLE timestamptzish (
    t timestamptz
)

statement ok
INSERT INTO timestamptzish
VALUES
    (TIMESTAMPTZ '1999-12-31 11:11:01+04:00'),
    (TIMESTAMPTZ '1999-12-31 16:16:01+02:30'),
    (TIMESTAMPTZ '1999-12-31 20:00:00-12'),
    (TIMESTAMPTZ '1999-12-31 18:00:00+12')

query T rowsort
SELECT * FROM timestamptzish
----
1999-12-31 06:00:00 UTC
1999-12-31 07:11:01 UTC
1999-12-31 13:46:01 UTC
2000-01-01 08:00:00 UTC

query T
SELECT MAX(t) FROM timestamptzish
----
2000-01-01 08:00:00 UTC

query T
SELECT MIN(t) FROM timestamptzish
----
1999-12-31 06:00:00 UTC

# Timestamptz arithmetic with month intervals. Should behave the same as DATE and timestamp

query T
SELECT TIMESTAMPTZ '2000-01-01 00:00:00-6' + INTERVAL '1' YEAR
----
2001-01-01 06:00:00 UTC

query T
SELECT TIMESTAMPTZ '2000-01-01 00:00:00-7' - INTERVAL '1' YEAR
----
1999-01-01 07:00:00 UTC

query T
SELECT TIMESTAMPTZ '2000-01-01 00:00:00-6' + INTERVAL '3' MONTH
----
2000-04-01 06:00:00 UTC

query T
SELECT TIMESTAMPTZ '2000-01-01 00:00:00-7' - INTERVAL '4' MONTH
----
1999-09-01 07:00:00 UTC

statement error no overload for interval - timestamptz
SELECT INTERVAL '1' YEAR - TIMESTAMPTZ '2000-01-01 00:00:00-4:00'

# Timestamptz arithmetic with duration intervals.

query T
SELECT TIMESTAMPTZ '2000-01-01 00:00:00-04' + INTERVAL '7' HOUR
----
2000-01-01 11:00:00 UTC

query T
SELECT TIMESTAMPTZ '2000-01-01 00:00:00-04' + INTERVAL '3' MINUTE
----
2000-01-01 04:03:00 UTC

query T
SELECT INTERVAL '6' HOUR + TIMESTAMPTZ '2000-01-01 00:00:00-04'
----
2000-01-01 10:00:00 UTC

query T
SELECT TIMESTAMPTZ '2000-01-01 00:00:00-04' - INTERVAL '2' HOUR
----
2000-01-01 02:00:00 UTC

statement error no overload for interval - timestamptz
SELECT INTERVAL '2' HOUR - TIMESTAMPTZ '2000-01-01 00:00:00-04'

statement error no overload for timestamptz \* interval
SELECT TIMESTAMPTZ '2000-01-01 00:00:00-04' * INTERVAL '2' HOUR

statement error no overload for timestamptz / interval
SELECT TIMESTAMPTZ '2000-01-01 00:00:00-04' / INTERVAL '2' HOUR

statement error no overload for timestamptz \+ timestamptz
SELECT TIMESTAMPTZ '2000-01-01 00:00:00-04' + TIMESTAMPTZ '1999-01-01 00:00:00z'

statement error no overload for timestamptz \+ timestamp
SELECT TIMESTAMPTZ '2000-01-01 00:00:00-04' + TIMESTAMP '1999-01-01 00:00:00'

# Tests with comparison operators and timestamptz

query B
SELECT TIMESTAMPTZ '2000-01-01 00:00:00+01' < TIMESTAMPTZ '2000-01-01 00:00:00-04'
----
true

query B
SELECT TIMESTAMPTZ '2000-01-01 00:00:00+01' > TIMESTAMPTZ '2000-01-01 00:00:00-04'
----
false

query B
SELECT TIMESTAMPTZ '2000-01-01 00:00:00+01' <= TIMESTAMPTZ '2000-01-01 00:00:00-04'
----
true

query B
SELECT TIMESTAMPTZ '2000-01-01 00:00:00+01' >= TIMESTAMPTZ '2000-01-01 00:00:00-04'
----
false

query B
SELECT TIMESTAMPTZ '2000-01-01 02:00:00+01' = TIMESTAMPTZ '2000-01-01 01:00:00z'
----
true

query B
SELECT TIMESTAMPTZ '2000-01-01 02:00:00+01' >= TIMESTAMPTZ '2000-01-01 01:00:00z'
----
true

query B
SELECT TIMESTAMPTZ '2000-01-01 02:00:00+01' <= TIMESTAMPTZ '2000-01-01 01:00:00z'
----
true

query B
SELECT TIMESTAMPTZ '2000-01-01 02:00:00+01' != TIMESTAMPTZ '2000-01-01 01:00:00z'
----
false

# Tests with comparison operators across different time types

query B
SELECT TIMESTAMP '2000-01-01 00:00:00' > DATE '2000-01-01'
----
false

query B
SELECT TIMESTAMPTZ '2000-01-01 00:00:00+4' > DATE '2000-01-01'
----
false

query B
SELECT DATE '2001-01-01' > TIMESTAMPTZ '2000-01-01 00:00:00+4'
----
true

query B
SELECT TIMESTAMPTZ '2000-01-01 00:00:00+4' > TIMESTAMP '2000-01-01 01:00:00'
----
false

query B
SELECT TIMESTAMP '2000-01-01 00:00:00' > TIMESTAMPTZ '2000-01-01 01:00:00+04'
----
true

# Timestamptz comparisons after interval math

query B
SELECT TIMESTAMPTZ '2000-01-01 01:00:00+01' < TIMESTAMPTZ '2000-01-01 00:01:00z' + INTERVAL '1' HOUR
----
true

query B
SELECT TIMESTAMPTZ '2000-01-01 01:00:00+01' <= TIMESTAMPTZ '2000-01-01 00:01:00z' + INTERVAL '1' HOUR
----
true

query B
SELECT TIMESTAMPTZ '2000-01-01 01:00:00+01' > TIMESTAMPTZ '2000-01-01 00:01:00z' + INTERVAL '1' HOUR
----
false

query B
SELECT TIMESTAMPTZ '2000-01-01 01:00:00+01' >= TIMESTAMPTZ '2000-01-01 00:01:00z' + INTERVAL '1' HOUR
----
false

query B
SELECT TIMESTAMPTZ '2000-01-01 01:00:00+01' + INTERVAL '3' HOUR > TIMESTAMPTZ '2000-01-01 00:01:00z' + INTERVAL '1' HOUR
----
true

query B
SELECT TIMESTAMPTZ '2000-01-01 01:00:00+01' + INTERVAL '1' MINUTE != TIMESTAMPTZ '2000-01-01 00:01:00+01' + INTERVAL '1' HOUR
----
false

# comparisons with timestamptz

query T
SELECT t FROM timestamptzish WHERE t = TIMESTAMPTZ '1999-12-31 13:46:01z'
----
1999-12-31 13:46:01 UTC

query T
SELECT t FROM timestamptzish WHERE t = TIMESTAMP '1999-12-31 13:46:01'
----
1999-12-31 13:46:01 UTC

query T
SELECT t FROM timestamptzish WHERE t = TIMESTAMPTZ '1999-12-31 9:46:01-04'
----
1999-12-31 13:46:01 UTC

query T
SELECT t FROM timestamptzish WHERE t > TIMESTAMPTZ '1999-12-31 9:46:01-04'
----
2000-01-01 08:00:00 UTC

query T rowsort
SELECT t FROM timestamptzish WHERE t >= TIMESTAMPTZ '1999-12-31 9:46:01-04'
----
1999-12-31 13:46:01 UTC
2000-01-01 08:00:00 UTC

query T rowsort
SELECT t FROM timestamptzish WHERE t < TIMESTAMPTZ '1999-12-31 9:46:01-04'
----
1999-12-31 06:00:00 UTC
1999-12-31 07:11:01 UTC

query T rowsort
SELECT t FROM timestamptzish WHERE t <= TIMESTAMPTZ '1999-12-31 9:46:01-04'
----
1999-12-31 06:00:00 UTC
1999-12-31 07:11:01 UTC
1999-12-31 13:46:01 UTC

query T rowsort
SELECT t FROM timestamptzish WHERE t > TIMESTAMPTZ '1999-12-31 9:46:01-04' - INTERVAL '12' HOUR
----
1999-12-31 06:00:00 UTC
1999-12-31 07:11:01 UTC
1999-12-31 13:46:01 UTC
2000-01-01 08:00:00 UTC

# Tests now() and current_timestamp()

query B
SELECT now() > timestamp '2015-06-13 00:00:00'
----
true

query B
SELECT now() + INTERVAL '100' HOUR > now()
----
true

query B
SELECT current_timestamp() > timestamp '2016-06-13 00:00:00'
----
true
