# Copyright 2019 Materialize, Inc. All rights reserved.
#
# This file is part of Materialize. Materialize may not be used or
# distributed without the express permission of Materialize, Inc

mode cockroach

### ascii ###

statement ok
CREATE TABLE asciitest (strcol CHAR(15), vccol VARCHAR(15))

# TODO: materialize#589 Add two tests:
# 1: empty string to each column
# 2: single space in each column
statement ok
INSERT INTO asciitest VALUES ('hello world', 'goodbye moon'), (null, null),
    ('ä½ å¥½', 'å†è§'), ('ğŸ˜€', 'ğŸ‘»')

statement error
select ascii(98)

query II colnames
select ascii(strcol) as strres, ascii(vccol) as vcres from asciitest order by strres;
----
strres  vcres
NULL    NULL
104     103
20320   20877
128512  128123

query I
select ascii(null);
----
NULL

query I
select ascii(substr('inside literal', 3, 4));
----
115

### substr ###
statement ok
CREATE TABLE substrtest (strcol CHAR(15), vccol VARCHAR(15), smicol SMALLINT, intcol INT)

statement ok
INSERT INTO substrtest VALUES ('Mg', 'Mn', 1, 1), ('magnesium', 'manganese', 3, null),
    (null, null, 0, 0), ('24.31', '54.94', 2, 3), ('é•¿ä¹…ä¸è§', 'çˆ±ä¸é‡Šæ‰‹', null, 2),
    ('', '', -1, 2)

#invalid input
statement error
select substr(192, 1, 1)

statement error
select substr('from wrong type', 1.5, 2)

statement error
select substr('for wrong type', 2, 1.5)

query I
select substr('for cannot be negative', 1, -3)
----
NULL

query I
select substr('for still cannot be negative', 30, -2)
----
NULL

#standard tests

#TODO: materialize#589 select strcol from substrtest
query T colnames
select substr(vccol, 1, 3) as vcres from substrtest order by vcres;
----
vcres
NULL
(empty)
54.
Mn
man
çˆ±ä¸é‡Š

query T colnames
select substr(vccol, 1, 5) as vcres from substrtest order by vcres;
----
vcres
NULL
(empty)
54.94
Mn
manga
çˆ±ä¸é‡Šæ‰‹

query T colnames
select substr(vccol, 1) as vcres from substrtest order by vcres;
----
vcres
NULL
(empty)
54.94
Mn
manganese
çˆ±ä¸é‡Šæ‰‹

query T colnames
select substr(vccol, 3) as vcres from substrtest order by vcres;
----
vcres
NULL
(empty)
(empty)
.94
nganese
é‡Šæ‰‹

query T colnames
select substr(vccol, 3, 1) as vcres from substrtest order by vcres;
----
vcres
NULL
(empty)
(empty)
.
n
é‡Š

#negative start position
query T colnames
select substr(vccol, -1) as vcres from substrtest order by vcres;
----
vcres
NULL
(empty)
54.94
Mn
manganese
çˆ±ä¸é‡Šæ‰‹

query T colnames
select substr(vccol, -2, 6) as vcres from substrtest order by vcres;
----
vcres
NULL
(empty)
54.
Mn
man
çˆ±ä¸é‡Š

query T colnames
select substr(vccol, -3, 5) as vcres from substrtest order by vcres;
----
vcres
NULL
(empty)
5
M
m
çˆ±

query TT colnames
select substr(strcol, -4, 5) as strres, substr(vccol, -4, 5) as vcres from substrtest order by vcres;
----
strres  vcres
NULL    NULL
(empty) (empty)
(empty) (empty)
(empty) (empty)
(empty) (empty)
(empty) (empty)

query TT colnames
select substr(strcol, -6, 6) as strres, substr(vccol, -6, 6) as vcres from substrtest order by vcres;
----
strres  vcres
NULL    NULL
(empty) (empty)
(empty) (empty)
(empty) (empty)
(empty) (empty)
(empty) (empty)

query TT colnames
select substr(strcol, -5, 4) as strres, substr(vccol, -5, 4) as vcres from substrtest order by vcres;
----
strres  vcres
NULL    NULL
(empty) (empty)
(empty) (empty)
(empty) (empty)
(empty) (empty)
(empty) (empty)

#for or start is zero
query T colnames
select substr(vccol, 0) as vcres from substrtest order by vcres;
----
vcres
NULL
(empty)
54.94
Mn
manganese
çˆ±ä¸é‡Šæ‰‹

query T colnames
select substr(vccol, 0, 3) as vcres from substrtest order by vcres;
----
vcres
NULL
(empty)
54
Mn
ma
çˆ±ä¸

query TT colnames
select substr(strcol, 0, 0) as strres, substr(vccol, 0, 0) as vcres from substrtest order by vcres;
----
strres  vcres
NULL    NULL
(empty) (empty)
(empty) (empty)
(empty) (empty)
(empty) (empty)
(empty) (empty)

query TT colnames
select substr(strcol, 3, 0) as strres, substr(vccol, 3, 0) as vcres from substrtest order by vcres;
----
strres  vcres
NULL    NULL
(empty) (empty)
(empty) (empty)
(empty) (empty)
(empty) (empty)
(empty) (empty)

#null inputs
query T
select substr(null, 1);
----
NULL

query T
select substr(null, 1, 3);
----
NULL

query T
select substr('text string', null);
----
NULL

query T
select substr(null, null);
----
NULL

query T
select substr('foo', null, 3);
----
NULL

query T
select substr('bar', null, null);
----
NULL

query T
select substr('baz', 2, null);
----
NULL

query T
select substr(null, null, null);
----
NULL

#alternative syntax
query T colnames
select substring(vccol, 1, 3) as vcres from substrtest order by vcres;
----
vcres
NULL
(empty)
54.
Mn
man
çˆ±ä¸é‡Š

#testing different kinds of int columns and null content in columns
query T
select substr(vccol, smicol, smicol) as vcres from substrtest order by vcres;
----
NULL
NULL
NULL
4.
M
nga

query T
select substr(vccol, intcol, intcol) as vcres from substrtest order by vcres;
----
NULL
NULL
(empty)
.94
M
ä¸é‡Š

query T
select substr(vccol, smicol, intcol) as vcres from substrtest order by vcres;
----
NULL
NULL
NULL
(empty)
4.9
M

query T
select substr(vccol, intcol, smicol) as vcres from substrtest order by vcres;
----
NULL
NULL
NULL
NULL
.9
M

query T
select substr('subexpression test', ascii(''), 3);
----
su

#TODO: materialize#606 Add tests for the alternate syntax if it is enabled

### length ###
statement ok
create table lengthtest(strcol CHAR(15), vccol VARCHAR(15));

statement ok
insert into lengthtest values ('str', 'str'), (' str', ' str'), ('str ', 'str '), ('ä½ å¥½', 'ä½ å¥½'), ('ä»Šæ—¥ã¯', 'ä»Šæ—¥ã¯'), ('à¤¹à¥‡à¤²à¥‹', 'à¤¹à¥‡à¤²à¥‹'), (null, null), ('','');

#invalid input
statement error
select length(99)

statement error
select length('str', 99)

#standard tests
query I rowsort
select length(strcol) from lengthtest;
----
15
15
15
15
15
15
15
NULL

query I rowsort
select length(vccol) from lengthtest;
----
0
2
3
3
4
4
4
NULL

query I
select length('ä½ å¥½', 'big5');
----
3

query I
select length('ä½ å¥½', 'iso-8859-5');
----
6

#encoding name conversion from pg to WHATWG
query I
select length('ä½ å¥½', 'ISO_8859_5');
----
6

#invalid encoding name
query I
select length('ä½ å¥½', 'iso-123');
----
NULL

#null inputs
query I
select length(null);
----
NULL

query I
select length('str', null);
----
NULL

query T
select replace('one', 'one', 'two');
----
two

query T
select replace('in a longer string', 'longer', 'shorter')
----
in a shorter string

query T
SELECT 'hello'::bytea::text
----
\x68656c6c6f
