# Copyright 2019 Materialize, Inc. All rights reserved.
#
# This file is part of Materialize. Materialize may not be used or
# distributed without the express permission of Materialize, Inc.

mode cockroach

statement ok
CREATE TABLE peeps (
  peep text
)

statement ok
INSERT INTO peeps VALUES ('alice'), ('bob'), ('eve');

statement ok
CREATE TABLE likes (
  liker text,
  likee text
)

statement ok
INSERT INTO likes VALUES ('alice', 'bob'), ('bob', 'eve'), ('alice', 'eve');

query TB rowsort
SELECT peep, EXISTS(
  SELECT * FROM likes WHERE peep = liker
) FROM peeps
----
alice true
bob true
eve false

query TTB rowsort
SELECT *, EXISTS(
  SELECT * FROM likes as likes2 WHERE likes.likee = likes2.liker
) FROM likes
----
alice bob true
alice eve false
bob eve false

# inner scope shadows outer scope, so `likee` without qualification refers to `likes2.likee`
query TTB rowsort
SELECT *, EXISTS(
  SELECT * FROM likes as likes2 WHERE likee = likes2.liker
) FROM likes
----
alice bob false
alice eve false
bob eve false

# similarly, without `as likes2`, `likes.liker` refers to the inner scope
query TTB rowsort
SELECT *, EXISTS(
  SELECT * FROM likes WHERE likee = likes.liker
) FROM likes
----
alice bob false
alice eve false
bob eve false

query TT rowsort
SELECT peep, (
  SELECT likee FROM likes WHERE liker = peep
) FROM peeps
----
alice bob
alice eve
bob eve
eve NULL

statement ok
CREATE TABLE favorites (peep text, other text)

statement ok
INSERT INTO favorites VALUES ('alice', 'eve'), ('alice', 'alice'), ('bob', 'bob')

query TTB rowsort
SELECT
    liker,
    likee,
    likee IN (SELECT other FROM favorites WHERE peep = liker) AS is_favorite
FROM likes
----
alice  bob  false
bob    eve  false
alice  eve  true

query TTB rowsort
SELECT
    liker,
    likee,
    likee NOT IN (SELECT other FROM favorites WHERE peep = liker) AS is_favorite
FROM likes
----
alice  bob  true
bob    eve  true
alice  eve  false

statement ok
CREATE TABLE age (peep text, age int)

statement ok
INSERT INTO age VALUES ('alice', 103), ('bob', 100), ('eve', 104);

# TODO: materialize#489 This test should throw an error because
# subquery returns more than one row
query TI rowsort
SELECT peeps.peep, (
  SELECT age FROM likes, age WHERE peeps.peep = liker AND likee = age.peep
) FROM peeps
----
alice 100
alice 104
bob 104
eve NULL

query TB rowsort
SELECT peeps.peep, age < ANY (
  SELECT age FROM likes, age WHERE peeps.peep = liker AND likee = age.peep
) FROM peeps, age
WHERE peeps.peep = age.peep
----
alice true
bob true
eve false

query TB rowsort
SELECT peeps.peep, age < ALL (
  SELECT age FROM likes, age WHERE peeps.peep = liker AND likee = age.peep
) FROM peeps, age
WHERE peeps.peep = age.peep
----
alice false
bob true
eve true

statement ok
CREATE TABLE s1 (a int NOT NULL)

statement ok
CREATE TABLE s2 (a int NOT NULL)

statement ok
CREATE TABLE s3 (b int NOT NULL)

statement ok
INSERT INTO s1 VALUES (0)

statement ok
INSERT INTO s2 VALUES (1)

statement ok
INSERT INTO s3 VALUES (1)

# Verify that scope resolution prefers the closer scope when a name occurs in
# multiple outer levels.
query B
SELECT true FROM s1 WHERE EXISTS (SELECT true FROM s2 WHERE EXISTS (SELECT true FROM s3 WHERE a = s3.b))
----
true

statement ok
CREATE TABLE t1 (a int NOT NULL)

statement ok
CREATE TABLE t2 (b int NOT NULL)

statement ok
CREATE TABLE t3 (a int NOT NULL, b int NOT NULL)

statement ok
INSERT INTO t1 VALUES (1), (2), (3)

statement ok
INSERT INTO t2 VALUES (1), (2), (3)

statement ok
INSERT INTO t3 VALUES (2, 3), (1, 4)

# Test a constraint that spans multiple levels of nesting.
query I
SELECT a FROM t1 WHERE EXISTS (SELECT 1 FROM t2 WHERE EXISTS (SELECT 1 FROM t3 WHERE t1.a = t3.a AND t2.b = t3.b))
----
2

mode standard

# Verify that the plans for some simple non-correlated subqueries are sane.

query T multiline
EXPLAIN PLAN FOR SELECT * FROM t1 WHERE EXISTS (SELECT * FROM t2)
----
Project {
  outputs: [0],
  Map {
    scalars: [true],
    Join {
      variables: [],
      Get { t1 (u26) },
      Distinct { group_key: [], Get { t2 (u28) } }
    }
  }
}

query T multiline
EXPLAIN PLAN FOR SELECT *  FROM t1, t3 WHERE t1.a = t3.a AND EXISTS (SELECT * FROM t2)
----
Project {
  outputs: [0, 0, 2],
  Join {
    variables: [[(0, 0), (1, 0)]],
    Get { t1 (u26) },
    Get { t3 (u30) },
    Constant [[true]],
    Distinct { group_key: [], Get { t2 (u28) } }
  }
}

query T multiline
EXPLAIN PLAN FOR SELECT *  FROM t1, t3 WHERE t1.a = t3.a AND EXISTS (SELECT * FROM t2 WHERE t3.b = t2.b)
----
Let {
  l0 = Join {
    variables: [[(0, 0), (1, 0)]],
    Get { t1 (u26) },
    Get { t3 (u30) }
  }
} in
Project {
  outputs: [0, 0, 2],
  Map {
    scalars: [true],
    Join {
      variables: [[(0, 2), (1, 0)]],
      Get { l0 },
      Distinct {
        group_key: [1],
        Join {
          variables: [[(0, 0), (1, 0)]],
          Get { t2 (u28) },
          Distinct { group_key: [2], Get { l0 } }
        }
      }
    }
  }
}
