# Copyright 2019 Materialize, Inc. All rights reserved.
#
# This file is part of Materialize. Materialize may not be used or
# distributed without the express permission of Materialize, Inc.

statement ok
CREATE TABLE nation (
    n_nationkey  integer PRIMARY KEY,
    n_name       char(25) NOT NULL,
    n_regionkey  integer NOT NULL,
    n_comment    varchar(152)
)

statement ok
CREATE TABLE region  (
    r_regionkey  integer PRIMARY KEY,
    r_name       char(25) NOT NULL,
    r_comment    varchar(152)
)

statement ok
CREATE TABLE part (
    p_partkey     integer PRIMARY KEY,
    p_name        varchar(55) NOT NULL,
    p_mfgr        char(25) NOT NULL,
    p_brand       char(10) NOT NULL,
    p_type        varchar(25) NOT NULL,
    p_size        integer NOT NULL,
    p_container   char(10) NOT NULL,
    p_retailprice decimal(15,2) NOT NULL,
    p_comment     varchar(23) NOT NULL
)

statement ok
CREATE TABLE supplier (
    s_suppkey     integer PRIMARY KEY,
    s_name        char(25) NOT NULL,
    s_address     varchar(40) NOT NULL,
    s_nationkey   integer NOT NULL,
    s_phone       char(15) NOT NULL,
    s_acctbal     decimal(15,2) NOT NULL,
    s_comment     varchar(101) NOT NULL
)

statement ok
CREATE TABLE partsupp (
    ps_partkey     integer NOT NULL,
    ps_suppkey     integer NOT NULL,
    ps_availqty    integer NOT NULL,
    ps_supplycost  decimal(15,2) NOT NULL,
    ps_comment     varchar(199) NOT NULL,
    PRIMARY KEY (ps_partkey, ps_suppkey)
)

statement ok
CREATE TABLE customer (
    c_custkey     integer PRIMARY KEY,
    c_name        varchar(25) NOT NULL,
    c_address     varchar(40) NOT NULL,
    c_nationkey   integer NOT NULL,
    c_phone       char(15) NOT NULL,
    c_acctbal     decimal(15,2) NOT NULL,
    c_mktsegment  char(10) NOT NULL,
    c_comment     varchar(117) NOT NULL
)

statement ok
CREATE TABLE orders (
    o_orderkey       integer PRIMARY KEY,
    o_custkey        integer NOT NULL,
    o_orderstatus    char(1) NOT NULL,
    o_totalprice     decimal(15,2) NOT NULL,
    o_orderdate      date NOT NULL,
    o_orderpriority  char(15) NOT NULL,
    o_clerk          char(15) NOT NULL,
    o_shippriority   integer NOT NULL,
    o_comment        varchar(79) NOT NULL
)

statement ok
CREATE TABLE lineitem (
    l_orderkey       integer NOT NULL,
    l_partkey        integer NOT NULL,
    l_suppkey        integer NOT NULL,
    l_linenumber     integer NOT NULL,
    l_quantity       decimal(15,2) NOT NULL,
    l_extendedprice  decimal(15,2) NOT NULL,
    l_discount       decimal(15,2) NOT NULL,
    l_tax            decimal(15,2) NOT NULL,
    l_returnflag     char(1) NOT NULL,
    l_linestatus     char(1) NOT NULL,
    l_shipdate       date NOT NULL,
    l_commitdate     date NOT NULL,
    l_receiptdate    date NOT NULL,
    l_shipinstruct   char(25) NOT NULL,
    l_shipmode       char(10) NOT NULL,
    l_comment        varchar(44) NOT NULL,
    PRIMARY KEY (l_orderkey, l_linenumber)
)

# TODO(benesch): remove when these queries actually pass.
halt

query TTT valuesort
-- Query 01
SELECT
	l_returnflag,
	l_linestatus,
	sum(l_quantity) as sum_qty,
	sum(l_extendedprice) as sum_base_price,
	sum(l_extendedprice * (1.00 - l_discount)) as sum_disc_price,
	sum(l_extendedprice * (1.00 - l_discount) * (1.00 + l_tax)) as sum_charge,
	avg(l_quantity) as avg_qty,
	avg(l_extendedprice) as avg_price,
	avg(l_discount) as avg_disc,
	count(*) as count_order
FROM
	lineitem
WHERE
--	l_shipdate <= date '1998-12-01' - interval ':1' day (3)
    l_shipdate <= cast(10562 as smallint)
GROUP BY
	l_returnflag,
	l_linestatus
-- ORDER BY
-- 	l_returnflag,
-- 	l_linestatus

query TTT valuesort
-- Query 02
SELECT
    s_acctbal,
    s_name,
    n_name,
    p_partkey,
    p_mfgr,
    s_address,
    s_phone,
    s_comment
FROM
    part, supplier, partsupp, nation, region
WHERE
    p_partkey = ps_partkey
    AND s_suppkey = ps_suppkey
    AND p_size = cast(15 as smallint)
    AND p_type LIKE '%BRASS'
    AND s_nationkey = n_nationkey
    AND n_regionkey = r_regionkey
    AND r_name = 'EUROPE'
    AND ps_supplycost
        = (
                SELECT
                    min(ps_supplycost)
                FROM
                    partsupp, supplier, nation, region
                WHERE
                    p_partkey = ps_partkey
                    AND s_suppkey = ps_suppkey
                    AND s_nationkey = n_nationkey
                    AND n_regionkey = r_regionkey
                    AND r_name = 'EUROPE'
            )
-- ORDER BY
--     s_acctbal DESC, n_name, s_name, p_partkey;


query TTT valuesort
-- Query 03
select
    l_orderkey,
    sum(l_extendedprice * (1.00 - l_discount)) as revenue,
    count(*) as number,
    o_orderdate,
    o_shippriority
from
    customer,
    orders,
    lineitem
where
    c_mktsegment = 'BUILDING'
    and c_custkey = o_custkey
    and l_orderkey = o_orderkey
--  and o_orderdate < date '1995-03-15'
--  and l_shipdate > date '1995-03-15'
    and o_orderdate < 9203
    and l_shipdate > 9203
group by
    l_orderkey,
    o_orderdate,
    o_shippriority
-- order by
--     revenue desc,
--     o_orderdate;


query TTT valuesort
-- Query 04
select
    o_orderpriority,
    count(*) as order_count
from
    orders
where
    o_orderdate >= cast(741484800/86400 as smallint)
    and o_orderdate < cast(749433600/86400 as smallint)
    and exists (
        select
            *
        from
            lineitem
        where
            l_orderkey = o_orderkey
            and l_commitdate < l_receiptdate
    )
group by
    o_orderpriority
-- order by
--     o_orderpriority;


query TTT valuesort
-- Query 05
select
    n_name,
    sum(l_extendedprice * (1.00 - l_discount)) as revenue
from
    customer,
    orders,
    lineitem,
    supplier,
    nation,
    region
where
    c_custkey = o_custkey
    and l_orderkey = o_orderkey
    and l_suppkey = s_suppkey
    and c_nationkey = s_nationkey
    and s_nationkey = n_nationkey
    and n_regionkey = r_regionkey
    and r_name = 'ASIA'
--  and o_orderdate >= date '1994-01-01'
--  and o_orderdate < date '1995-01-01'
    and o_orderdate >= cast(8765 as smallint)
    and o_orderdate < cast(9130 as smallint)
group by
    n_name
-- order by
--     revenue desc;


query TTT valuesort
-- Query 06
select
    sum(l_extendedprice * l_discount) as revenue
from
    lineitem
where
    l_quantity < 24.00
--  and l_shipdate >= date '1994-01-01'
--  and l_shipdate < date '1994-01-01' + interval '1' year
    and l_shipdate >= cast(8765 as smallint)
    and l_shipdate < cast(9130 as smallint)
    and l_discount between 0.06 - 0.01 and 0.07
    ;

query TTT valuesort
-- Query 07
select
    supp_nation,
    cust_nation,
    l_year,
    sum(volume) as revenue
from
    (
        select
            n1.n_name as supp_nation,
            n2.n_name as cust_nation,
            extract(year from l_shipdate) as l_year,
            l_extendedprice * (1 - l_discount) as volume
        from
            supplier,
            lineitem,
            orders,
            customer,
            nation n1,
            nation n2
        where
            s_suppkey = l_suppkey
            and o_orderkey = l_orderkey
            and c_custkey = o_custkey
            and s_nationkey = n1.n_nationkey
            and c_nationkey = n2.n_nationkey
            and (
                (n1.n_name = 'FRANCE' and n2.n_name = 'GERMANY')
                or (n1.n_name = 'GERMANY' and n2.n_name = 'FRANCE')
            )
            and l_shipdate between cast(757382400/86400 as smallint) and cast(851990400/86400 as smallint)
    ) as shipping
group by
    supp_nation,
    cust_nation,
    l_year
-- order by
--     supp_nation,
--     cust_nation,
--     l_year;


query TTT valuesort
-- Query 08
select
    o_year,
    sum(case
        when nation = 'BRAZIL' then volume
        else 0
    end) / sum(volume) as mkt_share
from
    (
        select
            extract(year from o_orderdate) as o_year,
            l_extendedprice * (1 - l_discount) as volume,
            n2.n_name as nation
        from
            part,
            supplier,
            lineitem,
            orders,
            customer,
            nation n1,
            nation n2,
            region
        where
            p_partkey = l_partkey
            and s_suppkey = l_suppkey
            and l_orderkey = o_orderkey
            and o_custkey = c_custkey
            and c_nationkey = n1.n_nationkey
            and n1.n_regionkey = r_regionkey
            and r_name = 'AMERICA'
            and s_nationkey = n2.n_nationkey
            and o_orderdate between cast(757382400/86400 as smallint) and cast(851990400/86400 as smallint)
            and p_type = 'ECONOMY ANODIZED STEEL'
    ) as all_nations
group by
    o_year
-- order by
--     o_year;


query TTT valuesort
-- Query 09
select
    nation,
    o_year,
    sum(amount) as sum_profit
from
    (
        select
            n_name as nation,
            extract(year from o_orderdate) as o_year,
            l_extendedprice * (1 - l_discount) - ps_supplycost * l_quantity as amount
        from
            part,
            supplier,
            lineitem,
            partsupp,
            orders,
            nation
        where
            s_suppkey = l_suppkey
            and ps_suppkey = l_suppkey
            and ps_partkey = l_partkey
            and p_partkey = l_partkey
            and o_orderkey = l_orderkey
            and s_nationkey = n_nationkey
            and p_name like 'green'
    ) as profit
group by
    nation,
    o_year
-- order by
--     nation,
--     o_year desc;


query TTT valuesort
-- Query 10
select
    c_custkey,
    c_name,
    sum(l_extendedprice * (1.00 - l_discount)) as revenue,
    c_acctbal,
    n_name,
    c_address,
    c_phone,
    c_comment
from
    customer,
    orders,
    lineitem,
    nation
where
    c_custkey = o_custkey
    and l_orderkey = o_orderkey
--  and o_orderdate >= date '1993-10-01'
--  and o_orderdate < date '1993-10-01' + interval '3' month
    and o_orderdate >= 8673
    and o_orderdate < 8765
    and l_returnflag = 'R'
    and c_nationkey = n_nationkey
group by
    c_custkey,
    c_name,
    c_acctbal,
    c_phone,
    n_name,
    c_address,
    c_comment
-- order by
--     revenue desc;


query TTT valuesort
-- Query 11
select
    ps_partkey,
    sum(ps_supplycost * ps_availqty) as value
from
    partsupp,
    supplier,
    nation
where
    ps_suppkey = s_suppkey
    and s_nationkey = n_nationkey
    and n_name = 'GERMANY'
group by
    ps_partkey having
        sum(ps_supplycost * ps_availqty) > (
            select
                sum(ps_supplycost * ps_availqty) * 0.0001
            from
                partsupp,
                supplier,
                nation
            where
                ps_suppkey = s_suppkey
                and s_nationkey = n_nationkey
                and n_name = 'GERMANY'
        )
-- order by
--     value desc;


query TTT valuesort
-- Query 12
select
    l_shipmode,
    sum(case
        when o_orderpriority = '1-URGENT'
            or o_orderpriority = '2-HIGH'
            then 1
        else 0
    end) as high_line_count,
    sum(case
        when o_orderpriority <> '1-URGENT'
            and o_orderpriority <> '2-HIGH'
            then 1
        else 0
    end) as low_line_count
from
    orders,
    lineitem
where
    o_orderkey = l_orderkey
    and l_shipmode in ('MAIL', 'SHIP')
    and l_commitdate < l_receiptdate
    and l_shipdate < l_commitdate
    and l_receiptdate >= cast(8765 as smallint)
    and l_receiptdate < cast(9130 as smallint)
group by
    l_shipmode
-- order by
--     l_shipmode;


query TTT valuesort
-- Query 13
select
    c_count,
    count(*) as custdist
from
    (
        select
            c_custkey,
            count(o_orderkey)
        from
            customer left outer join orders on
                c_custkey = o_custkey
                and o_comment not like '%special%requests%'
        group by
            c_custkey
    ) as c_orders (c_custkey, c_count)
group by
    c_count
-- order by
--     custdist desc,
--     c_count desc;


query TTT valuesort
-- Query 14
select
    100.00 * sum(case
        when p_type like 'PROMO%'
            then l_extendedprice * (1 - l_discount)
        else 0
    end) / sum(l_extendedprice * (1 - l_discount)) as promo_revenue
from
    lineitem,
    part
where
    l_partkey = p_partkey
    and l_shipdate >= cast(809913600/86400 as smallint)
    and l_shipdate < cast(812505600/86400 as smallint);


query TTT valuesort
-- Query 15
create view revenue (supplier_no, total_revenue) as
    select
        l_suppkey,
        sum(l_extendedprice * (1 - l_discount))
    from
        lineitem
    where
        l_shipdate >= cast(820454400/86400 as smallint)
        and l_shipdate < cast(828316800/86400 as smallint)
    group by
        l_suppkey;

query TTT valuesort
select
    s_suppkey,
    s_name,
    s_address,
    s_phone,
    total_revenue
from
    supplier,
    revenue
where
    s_suppkey = supplier_no
    and total_revenue = (
        select
            max(total_revenue)
        from
            revenue
    )
-- order by
--     s_suppkey;

query TTT valuesort
drop view revenue;


query TTT valuesort
-- Query 16
select
    p_brand,
    p_type,
    p_size,
    count(distinct ps_suppkey) as supplier_cnt
from
    partsupp,
    part
where
    p_partkey = ps_partkey
    and p_brand <> 'Brand#45'
    and p_type not like 'MEDIUM POLISHED%'
    and p_size in (49, 14, 23, 45, 19, 3, 36, 9)
    and ps_suppkey not in (
        select
            s_suppkey
        from
            supplier
        where
            s_comment like '%Customer%Complaints%'
    )
group by
    p_brand,
    p_type,
    p_size
-- order by
--     supplier_cnt desc,
--     p_brand,
--     p_type,
--     p_size;


query TTT valuesort
-- Query 17
select
  sum(l_extendedprice) / 7.0 as avg_yearly
from
  lineitem,
  part
where
  p_partkey = l_partkey
  and p_brand = 'Brand#23'
  and p_container = 'MED BOX'
  and l_quantity < (
    select
      0.2 * avg(l_quantity)
    from
      lineitem
    where
      l_partkey = p_partkey
  );


query TTT valuesort
-- Query 18
select
    c_name,
    c_custkey,
    o_orderkey,
    o_orderdate,
    o_totalprice,
    sum(l_quantity)
from
    customer,
    orders,
    lineitem
where
    o_orderkey in (
        select
            l_orderkey
        from
            lineitem
        group by
            l_orderkey having
                sum(l_quantity) > 300
    )
    and c_custkey = o_custkey
    and o_orderkey = l_orderkey
group by
    c_name,
    c_custkey,
    o_orderkey,
    o_orderdate,
    o_totalprice
-- order by
--     o_totalprice desc,
--     o_orderdate;


query TTT valuesort
-- Query 19
select
    sum(l_extendedprice* (1 - l_discount)) as revenue
from
    lineitem,
    part
where
    (
        p_partkey = l_partkey
        and p_brand = 'Brand#12'
        and p_container in ('SM CASE', 'SM BOX', 'SM PACK', 'SM PKG')
        and l_quantity >= cast(1 as smallint) and l_quantity <= cast(1 + 10 as smallint)
        and p_size between cast(1 as smallint) and cast(5 as smallint)
        and l_shipmode in ('AIR', 'AIR REG')
        and l_shipinstruct = 'DELIVER IN PERSON'
    )
    or
    (
        p_partkey = l_partkey
        and p_brand = 'Brand#23'
        and p_container in ('MED BAG', 'MED BOX', 'MED PKG', 'MED PACK')
        and l_quantity >= cast(10 as smallint) and l_quantity <= cast(10 + 10 as smallint)
        and p_size between cast(1 as smallint) and cast(10 as smallint)
        and l_shipmode in ('AIR', 'AIR REG')
        and l_shipinstruct = 'DELIVER IN PERSON'
    )
    or
    (
        p_partkey = l_partkey
        and p_brand = 'Brand#34'
        and p_container in ('LG CASE', 'LG BOX', 'LG PACK', 'LG PKG')
        and l_quantity >= cast(20 as smallint) and l_quantity <= cast(20 + 10 as smallint)
        and p_size between cast(1 as smallint) and cast(15 as smallint)
        and l_shipmode in ('AIR', 'AIR REG')
        and l_shipinstruct = 'DELIVER IN PERSON'
    );


query TTT valuesort
-- Query 20
select
    s_name,
    s_address
from
    supplier,
    nation
where
    s_suppkey in (
        select
            ps_suppkey
        from
            partsupp
        where
            ps_partkey in (
                select
                    p_partkey
                from
                    part
                where
                    p_name like 'forest%'
            )
            and ps_availqty > (
                select
                    0.5 * sum(l_quantity)
                from
                    lineitem
                where
                    l_partkey = ps_partkey
                    and l_suppkey = ps_suppkey
                    and l_shipdate >= cast(757382400/86400 as smallint)
                    and l_shipdate < cast(788918400/86400 as smallint)
            )
    )
    and s_nationkey = n_nationkey
    and n_name = 'CANADA'
-- order by
--     s_name;


query TTT valuesort
-- Query 21
select
    s_name,
    count(*) as numwait
from
    supplier,
    lineitem l1,
    orders,
    nation
where
    s_suppkey = l1.l_suppkey
    and o_orderkey = l1.l_orderkey
    and o_orderstatus = 'F'
    and l1.l_receiptdate > l1.l_commitdate
    and exists (
        select
            *
        from
            lineitem l2
        where
            l2.l_orderkey = l1.l_orderkey
            and l2.l_suppkey <> l1.l_suppkey
    )
    and not exists (
        select
            *
        from
            lineitem l3
        where
            l3.l_orderkey = l1.l_orderkey
            and l3.l_suppkey <> l1.l_suppkey
            and l3.l_receiptdate > l3.l_commitdate
    )
    and s_nationkey = n_nationkey
    and n_name = 'SAUDI ARABIA'
group by
    s_name
-- order by
--     numwait desc,
--     s_name;


query TTT valuesort
-- Query 22
SELECT
    cntrycode,
    count(*) AS numcust,
    sum(c_acctbal) AS totacctbal
FROM
    (
        SELECT
            substring(c_phone, 1, 2) AS cntrycode, c_acctbal
        FROM
            customer
        WHERE
            substring(c_phone, 1, 2)
            IN (':1', ':2', ':3', ':4', ':5', ':6', ':7')
            AND c_acctbal
                > (
                        SELECT
                            avg(c_acctbal)
                        FROM
                            customer
                        WHERE
                            c_acctbal > 0.00
                            AND substring(c_phone, 1, 2)
                                IN (
                                        '13',
                                        '31',
                                        '23',
                                        '29',
                                        '30',
                                        '18',
                                        '17'
                                    )
                    )
            AND NOT
                    EXISTS(
                        SELECT
                            *
                        FROM
                            orders
                        WHERE
                            o_custkey = c_custkey
                    )
    )
        AS custsale
GROUP BY
    cntrycode
-- ORDER BY
--     cntrycode;
