# Copyright 2015 - 2019 The Cockroach Authors. All rights reserved.
# Copyright Materialize, Inc. All rights reserved.
#
# Use of this software is governed by the Business Source License
# included in the LICENSE file at the root of this repository.
#
# As of the Change Date specified in that file, in accordance with
# the Business Source License, use of this software will be governed
# by the Apache License, Version 2.0.
#
# This file is derived from the logic test suite in CockroachDB. The
# original file was retrieved on June 10, 2019 from:
#
#     https://github.com/cockroachdb/cockroach/blob/d2f7fbf5dd1fc1a099bbad790a2e1f7c60a66cc3/pkg/sql/logictest/testdata/logic_test/apply_join
#
# The original source code is subject to the terms of the Apache
# 2.0 license, a copy of which can be found in the LICENSE file at the
# root of this repository.

mode cockroach

statement ok
CREATE TABLE t (k INT PRIMARY KEY, str TEXT);

statement ok
CREATE TABLE u (l INT PRIMARY KEY, str2 TEXT);

statement ok
CREATE TABLE v (m INT PRIMARY KEY, str3 TEXT);

statement ok
INSERT INTO t SELECT i, to_english(i) FROM generate_series(1, 5) AS g(i);

statement ok
INSERT INTO u SELECT i, to_english(i) FROM generate_series(1, 5) AS g(i);

statement ok
INSERT INTO v SELECT i, to_english(i) FROM generate_series(1, 5) AS g(i);

# Another test of subqueries within an apply join.

query I
SELECT
	(SELECT * FROM (VALUES ((SELECT x FROM (VALUES (1)) AS s (x)) + y)))
FROM
	(VALUES (1), (2), (3)) AS t (y)
----
2
3
4


# Regression test for #36197: 0-col applyjoin RHS doesn't panic

statement ok
CREATE TABLE table9 (
    _bool BOOL,
    _bytes BYTES,
    _date DATE,
    _decimal DECIMAL,
    _float4 FLOAT4,
    _float8 FLOAT8,
    _inet INET,
    _int4 INT4,
    _int8 INT8,
    _interval INTERVAL,
    _jsonb JSONB,
    _string TEXT,
    _time TIME,
    _timestamp TIMESTAMP,
    _timestamptz TIMESTAMPTZ,
    _uuid UUID
); INSERT INTO table9 DEFAULT VALUES;

query B
SELECT
  true
FROM
    table9 AS tab_27927
WHERE
    EXISTS(
        SELECT
            tab_27929._string AS col_85223
        FROM
            table9 AS tab_27928,
            table9 AS tab_27929,
            table9 AS tab_27930
            RIGHT JOIN table9 AS tab_27931
            ON
                NOT
                    (
                        tab_27927._float8
                        IN (
                                CASE
                                WHEN NULL
                                THEN div(
                                    tab_27927._float4::FLOAT8,
                                    tab_27927._float4::FLOAT8
                                )::FLOAT8
                                ELSE tab_27927._float4
                                END,
                                tab_27927._float4,
                                tab_27927._float8::FLOAT8
                                + NULL::FLOAT8,
                                tab_27927._float4
                            )
                    )
        WHERE
            EXISTS(
                SELECT
                    2470039497:::OID AS col_85224
                FROM
                    table9 AS tab_27932
                ORDER BY
                    tab_27932._string ASC,
                    tab_27932._interval DESC,
                    tab_27932._uuid DESC
                LIMIT
                    37:::INT8
            )
        LIMIT
            11:::INT8
    )
LIMIT
    89:::INT8;
----
true

# Regression test for #37454: untyped null produced at top level.

statement ok
CREATE TABLE x (a INT8); CREATE TABLE y (b INT8); INSERT INTO x VALUES (1); INSERT INTO y VALUES (2);

query II
SELECT a, (SELECT a FROM y) FROM x
----
1  1
