# Copyright 2019-2020 Materialize Materialize, Inc. All rights reserved.
#
# This file is part of Materialize. Materialize may not be used or
# distributed without the express permission of Materialize, Inc

mode cockroach

# TODO: The types supported by mod are SMALLINT, BIGINT, INTEGER, DECIMAL, and NUMERIC.
# Tests all types?

### mod ###

# positive dividend and divisor

query I
SELECT mod(34, 7)
----
6

query I
SELECT mod(35, 7)
----
0

query I
SELECT mod(4, 4)
----
0

query I
SELECT mod(7, 11)
----
7

query R
SELECT mod(4.3, 2.1)
----
0.1

query R
SELECT mod(4, 2.1)
----
1.9

query R
SELECT mod(0.34, 1.1)
----
0.34

query R
SELECT mod(4.2, 2.1)
----
0.0

# negative dividend
query I
SELECT mod(-3234, 73)
----
-22

query I
SELECT mod(-100, 10)
----
0

query I
SELECT mod(-5, 5)
----
0

query I
SELECT mod(-237, 1100)
----
-237

query R
SELECT mod(-2.254, 2.2)
----
-0.054

query R
SELECT mod(-4, 1.75)
----
-0.50

query R
SELECT mod(-0.3234, 200)
----
-0.3234

query R
SELECT mod(-7.5, 1.5)
----
0.0

# negative divisor

query I
SELECT mod(23, -5)
----
3

query I
SELECT mod(20, -2)
----
0

query I
SELECT mod(29, -29)
----
0

query I
SELECT mod(7, -11)
----
7

query R
SELECT mod(8.5, -4.6)
----
3.9

query R
SELECT mod(30, -11.9)
----
6.2

query R
SELECT mod(0.0019, -0.013)
----
0.0019

query R
SELECT mod(14.4, -0.002)
----
0.000

# negative dividend and negative divisor

query I
SELECT mod(-121, -17)
----
-2

query I
SELECT mod(-64, -8)
----
0

query I
SELECT mod(-344, -344)
----
0

query I
SELECT mod(-13, -123)
----
-13

query R
SELECT mod(-5.6, -2.3)
----
-1.0

query R
SELECT mod(-10.4, -2)
----
-0.4

query R
SELECT mod(-2.45, -45.6)
----
-2.45

query R
SELECT mod(-12.15, -4.05)
----
0.00

# special values: 0/NULL dividend and/or divisor

query I
SELECT mod(0, 4)
----
0

query R
SELECT mod(0.000, 2)
----
0.000

query R
SELECT mod(0, 1.23)
----
0.00

query R
SELECT mod(4, 0.0)
----
NULL

query I
SELECT mod(0, 0)
----
NULL

query I
SELECT mod(0, NULL)
----
NULL

query I
SELECT mod(NULL, 0)
----
NULL

query I
SELECT mod(-5, NULL)
----
NULL

query I
SELECT mod(NULL, 0.45)
----
NULL

query I
SELECT 1 % 0
----
NULL

query R
SELECT 1 % 0.0
----
NULL

query R
SELECT 1.0 % 0
----
NULL

query R
SELECT 1.0 % 0.0
----
NULL

query R
SELECT 1 % CAST (0.0 AS float)
----
NULL

query I
SELECT 1 / 0
----
NULL

query R
SELECT 1 / 0.0
----
NULL

query R
SELECT 1.0 / 0
----
NULL

query R
SELECT 1.0 / 0.0
----
NULL

query R
SELECT 1 / CAST (0.0 AS float)
----
NULL

query I
SELECT 1 + CAST ('5' AS double precision)
----
6

query II
SELECT CAST ('+Inf' AS double precision), CAST ('inf' AS double precision)
----
inf inf

query T
SELECT CAST (CAST (1.1 AS double precision) AS text)
----
1.1

query T
SELECT CAST (CAST (1 as int) AS text)
----
1

query TT
SELECT FALSE::text, TRUE::text
----
false  true

query TTTTT
SELECT 1::smallint::text, 1::bigint::text, 1.0::text, 1.0::float::text, 1.0::double::text
----
1  1  1.0  1  1

query TTTTT
SELECT (-1)::smallint::text, (-1)::bigint::text, (-1.0)::text, (-1.0)::float::text, (-1.0)::double::text
----
-1  -1  -1.0  -1  -1

query TTT
SELECT 1.1::text, 1.1::float::text, 1.1::double::text
----
1.1  1.1  1.1
