# Copyright Materialize, Inc. All rights reserved.
#
# Use of this software is governed by the Business Source License
# included in the LICENSE file at the root of this repository.
#
# As of the Change Date specified in that file, in accordance with
# the Business Source License, use of this software will be governed
# by the Apache License, Version 2.0.

mode cockroach

query TT
SELECT array_to_string(ARRAY['a', 'b,', NULL, 'c'], ','), array_to_string(ARRAY['a', 'b,', NULL, 'c'], ',', NULL)
----
a,b,,c  a,b,,c

query TT
SELECT array_to_string(ARRAY['a', 'b,', 'c'], NULL), array_to_string(ARRAY['a', 'b,', NULL, 'c'], 'foo', 'zerp')
----
NULL  afoob,foozerpfooc

query TT
SELECT array_to_string(NULL, ','), array_to_string(NULL, 'foo', 'zerp')
----
NULL  NULL

query B
SELECT 1 = ANY(ARRAY[1, 2])
----
true

query B
SELECT 1 = ANY(ARRAY[2])
----
false

query B
SELECT 1 = ANY(ARRAY['1', '2'])
----
true

query error ANY operand array must have type i32\[\], not type string\[\]
SELECT 1 = ANY(ARRAY['hi'::text])

query error cannot evaluate ANY for element type string and array type i32
select 'hi' = any(array[1]);

query B
SELECT 'hi'::text = ANY(ARRAY[])
----
false

query error Cannot create array with mixed types. Element 1 has type i32 but element 2 has type bool
SELECT 123.4 = ANY(ARRAY[1, true, 'hi'::text])

query B
SELECT 1 != ANY(ARRAY[1])
----
false

query B
select 'hello'::text != ANY(ARRAY['there'::text])
----
true

query error ANY comparison op <= not yet supported
select 'hello'::text <= ANY(ARRAY['there'::text])

# Duplicates of cockroach/array.slt. todo@jldlaughlin: Remove when we support that file.
# array subscript access

query T
SELECT ARRAY['a', 'b', 'c'][-1]
----
NULL

query T
SELECT ARRAY['a', 'b', 'c'][0]
----
NULL

query T
SELECT (ARRAY['a', 'b', 'c'])[2]
----
b

query T
SELECT ARRAY['a', 'b', 'c'][2]
----
b

query T
SELECT ARRAY['a', 'b', 'c'][4]
----
NULL

query T
SELECT ARRAY['a', 'b', 'c'][1.5 + 1.5]
----
c

query I
SELECT ARRAY[1, 2, 3][-1]
----
NULL

query I
SELECT ARRAY[1, 2, 3][0]
----
NULL

query I
SELECT ARRAY[1, 2, 3][2]
----
2

query I
SELECT ARRAY[1, 2, 3][4]
----
NULL

query I
SELECT ARRAY[1, 2, 3][1.5 + 1.5]
----
3

# Error different than Cockroach.
query error cannot subscript type string
SELECT ARRAY['a', 'b', 'c'][4][2]

# This differs from Cockroach, but matches Postgres.
query T
SELECT ARRAY['a', 'b', 'c'][3.5]
----
NULL
