# Copyright 2020 Materialize, Inc. All rights reserved.
#
# This file is part of Materialize. Materialize may not be used or
# distributed without the express permission of Materialize, Inc.

mode cockroach

statement ok
CREATE TABLE data (input text)

statement ok
INSERT INTO data VALUES
    ('asdfjkl'), ('foo'), ('asdf'), ('testing,123'),
    (NULL), ('jkl'), ('some,csv')

query TTT colnames
SELECT data.*, reg.*
FROM data, regexp_extract('(asdf)|(?P<foo>jkl)', data.input) reg
ORDER BY data.input
----
input    column1  foo
asdf     asdf     NULL
asdfjkl  asdf     NULL
jkl      NULL     jkl

# TODO(brennan): test that the regex columns have the correct nullability, once
# they actually do (#1685).

query TTT colnames
SELECT data.*, csv.* FROM data, csv_extract(2, data.input) csv
ORDER BY data.input
----
input        column1  column2
some,csv     some     csv
testing,123  testing  123
