# Copyright Materialize, Inc. All rights reserved.
#
# Use of this software is governed by the Business Source License
# included in the LICENSE file at the root of this repository.
#
# As of the Change Date specified in that file, in accordance with
# the Business Source License, use of this software will be governed
# by the Apache License, Version 2.0.

mode cockroach

# Test date_trunc()

# TODO: PostgreSQL truncates trailing zeros from seconds, we do not.
# This test should return:  2019-11-26 15:56:46.24115
query T
SELECT date_trunc('microseconds', TIMESTAMP '2019-11-26 15:56:46.241150')
----
2019-11-26 15:56:46.24115

query T
SELECT date_trunc('milliseconds', TIMESTAMP '2019-11-26 15:56:46.241150')
----
2019-11-26 15:56:46.241

query T
SELECT date_trunc('second', TIMESTAMP '2019-11-26 15:56:46.241150')
----
2019-11-26 15:56:46

query T
SELECT date_trunc('minute', TIMESTAMP '2019-11-26 15:56:46.241150')
----
2019-11-26 15:56:00

query T
SELECT date_trunc('hour', TIMESTAMP '2019-11-26 15:56:46.241150')
----
2019-11-26 15:00:00

query T
SELECT date_trunc('day', TIMESTAMP '2019-11-26 15:56:46.241150')
----
2019-11-26 00:00:00

query T
SELECT date_trunc('week', TIMESTAMP '2019-11-26 15:56:46.241150')
----
2019-11-25 00:00:00

query T
SELECT date_trunc('month', TIMESTAMP '2019-11-26 15:56:46.241150')
----
2019-11-01 00:00:00

query T
SELECT date_trunc('quarter', TIMESTAMP '2019-11-26 15:56:46.241150')
----
2019-10-01 00:00:00

query T
SELECT date_trunc('year', TIMESTAMP '2019-11-26 15:56:46.241150')
----
2019-01-01 00:00:00

query T
SELECT date_trunc('decade', TIMESTAMP '2019-11-26 15:56:46.241150')
----
2010-01-01 00:00:00

# Expects the first year of the century, meaning 2001 instead of 2000.
query T
SELECT date_trunc('century', TIMESTAMP '2019-11-26 15:56:46.241150')
----
2001-01-01 00:00:00

# Expects the first year of the millennium, meaning 2001 instead of 2000.
query T
SELECT date_trunc('millennium', TIMESTAMP '2019-11-26 15:56:46.241150')
----
2001-01-01 00:00:00

query error unknown units 'bad'
SELECT date_trunc('bad', TIMESTAMP '2019-11-26 15:56:46.241150')

query T
SELECT date_trunc('minute', TIMESTAMPTZ '1999-12-31 16:16:01+02:30')
----
1999-12-31 13:46:00+00

query T
SELECT date_trunc('day', TIMESTAMPTZ '1999-12-31 16:16:01+02:30')
----
1999-12-31 00:00:00+00

query error unknown units 'bad'
SELECT date_trunc('bad', TIMESTAMPTZ '1999-12-31 16:16:01+02:30')

statement ok
CREATE TABLE date_trunc_fields (
    field text
)

statement ok
INSERT INTO date_trunc_fields VALUES ('day'), ('DaY'), ('month'), ('MoNTH')

query T rowsort
SELECT date_trunc(field, TIMESTAMP '2019-11-26 15:56:46.241150') FROM date_trunc_fields
----
2019-11-26 00:00:00
2019-11-26 00:00:00
2019-11-01 00:00:00
2019-11-01 00:00:00

statement ok
INSERT INTO date_trunc_fields VALUES ('bad')

query error unknown units 'bad'
SELECT date_trunc(field, TIMESTAMP '2019-11-26 15:56:46.241150') FROM date_trunc_fields

mode standard

statement ok
CREATE TABLE date_trunc_timestamps (
    ts timestamp,
)

query T multiline
EXPLAIN PLAN FOR SELECT date_trunc('day', ts) FROM date_trunc_timestamps
----
%0 =
| Get materialize.public.date_trunc_timestamps (u7)
| Map date_trunc_day_ts(#0)
| Project (#1)

EOF

query T multiline
EXPLAIN PLAN FOR SELECT date_trunc(field, ts) FROM date_trunc_fields, date_trunc_timestamps
----
%0 =
| Get materialize.public.date_trunc_fields (u1)
| ArrangeBy ()

%1 =
| Get materialize.public.date_trunc_timestamps (u7)

%2 =
| Join %0 %1
| | implementation = Differential %1 %0.()
| | demand = (#0, #1)
| Map date_truncts(#0, #1)
| Project (#2)

EOF

mode cockroach

query R
SELECT floor(CAST (1.1 AS double precision))
----
1

query R
SELECT floor(CAST (1.1 AS float))
----
1

query RRRRR
SELECT floor(1.1), floor(1.111), floor(100.1), floor(100.11), floor(-4.1)
----
1.0 1.000 100.0 100.00 -5.0


query R
SELECT ceil(CAST (1.1 AS double precision))
----
2

query R
SELECT ceil(CAST (1.1 AS float))
----
2

query RRRRR
SELECT ceil(1.1), ceil(1.111), ceil(100.1), ceil(100.11), ceil(-4.1)
----
2.0 2.000 101.0 101.00 -4.0

# postgres converts ints to floats on floor/ceil
query R
SELECT floor(1)
----
1

query R
SELECT floor(1)
----
1

query R
SELECT floor(cast(1 AS bigint))
----
1

query R
SELECT ceil(cast(1 AS bigint))
----
1

query R
SELECT floor(NULL)
----
NULL

query R
SELECT ceil(NULL)
----
NULL

statement ok
CREATE TABLE null_test (
   decimal_col decimal(14, 2),
   float_col float
)

statement ok
INSERT INTO null_test VALUES (5.06, -1.59), (-12.58, NULL), (2.96, 2.2), (NULL, 23.8), (-9.4, -48.2)

query RR rowsort
SELECT floor(decimal_col), floor(float_col) FROM null_test
----
-10.00  -49
-13.00  NULL
2.00    2
5.00    -2
NULL    23

query RR rowsort
SELECT ceil(decimal_col), ceil(float_col) FROM null_test
----
-12.00  NULL
-9.00  -48
3.00    3
6.00    -1
NULL    24

# Tests for the sqrt function.
#
# The implementation of sqrt delegates to {f32,f64}::sqrt, so these tests are
# not particularly extensive.

query error cannot take square root of a negative number
SELECT sqrt(-1::float)

query error cannot take square root of a negative number
SELECT sqrt(-1::double precision)

query error cannot take square root of a negative number
SELECT sqrt(-1::decimal(15, 2))

query R
SELECT sqrt(1.23783::float)
----
1.112578087147145

query R
SELECT sqrt(1.23783::double)
----
1.112578087147145

query R
SELECT sqrt(1.23783::decimal(15, 5))
----
1.11257

# Test coalesce.
query I
SELECT coalesce(NULL, 1, NULL)
----
1

query R
SELECT coalesce(NULL, 1, NULL)
----
1

query T
SELECT coalesce('hello', 'world', NULL)
----
hello

statement ok
CREATE VIEW v AS SELECT 1 AS a

# Coalesce should reduce away errors that statically can be shown not to occur.
query T
SELECT coalesce(1, 1 / 0, a) FROM v
----
1

# Tests issue #2355, that type information for Maps are correctly constructed
# before being passed to expressions for optimization.
statement ok
CREATE VIEW bytes AS SELECT null::bytea AS data

query T
SELECT
    COALESCE(data::jsonb->>'field1', data::jsonb->>'field2')
FROM (
    SELECT CONVERT_FROM(data, 'utf8') AS data FROM bytes
)
----
NULL

query T
SELECT trim(LEADING 'xy' FROM 'yxytrimyxy');
----
trimyxy

query T
SELECT ltrim('yxytrimyxy', 'xy');
----
trimyxy

query T
SELECT rtrim('yxytrimyxy', 'xy');
----
yxytrim

query T
SELECT btrim('yxytrimyxy', 'xy');
----
trim

query T
SELECT btrim('  yxytrimyxy  ');
----
yxytrimyxy

query T
SELECT rtrim('yxytrimyxy  ');
----
yxytrimyxy

query T
SELECT ltrim('   yxytrimyxy');
----
yxytrimyxy

query T
SELECT trim('xy' FROM 'yxytrimyxy');
----
trim

query T
SELECT trim(TRAILING FROM 'yxytrimyxy  ');
----
yxytrimyxy

query T
SELECT trim(FROM '  yxytrimyxy  ');
----
yxytrimyxy

query T
SELECT trim('   yxytrimyxy  ');
----
yxytrimyxy

query T
SELECT trim(LEADING '   yxytrimyxy');
----
yxytrimyxy

statement error
SELECT trim('c' 'ccccdogcc');

# Test IS NULL reduction.

mode standard

statement ok
CREATE TABLE t (
    a int,
    b int NOT NULL,
)

query T multiline
EXPLAIN PLAN FOR SELECT a IS NULL FROM t
----
%0 =
| Get materialize.public.t (u21)
| Map isnull(#0)
| Project (#2)

EOF

query T multiline
EXPLAIN PLAN FOR SELECT a IS NULL IS NULL FROM t
----
%0 =
| Get materialize.public.t (u21)
| Map false
| Project (#2)

EOF

query T multiline
EXPLAIN PLAN FOR SELECT LIST[a] IS NULL FROM t
----
%0 =
| Get materialize.public.t (u21)
| Map false
| Project (#2)

EOF

query T multiline
EXPLAIN PLAN FOR SELECT a + a + a + a + a IS NULL FROM t
----
%0 =
| Get materialize.public.t (u21)
| Map isnull(#0)
| Project (#2)

EOF

query T multiline
EXPLAIN PLAN FOR SELECT a + b IS NULL FROM t
----
%0 =
| Get materialize.public.t (u21)
| Map isnull(#0)
| Project (#2)

EOF

query T multiline
EXPLAIN PLAN FOR SELECT a + b IS NULL FROM t
----
%0 =
| Get materialize.public.t (u21)
| Map isnull(#0)
| Project (#2)

EOF
