# Copyright Materialize, Inc. All rights reserved.
#
# Use of this software is governed by the Business Source License
# included in the LICENSE file at the root of this repository.
#
# As of the Change Date specified in that file, in accordance with
# the Business Source License, use of this software will be governed
# by the Apache License, Version 2.0.

statement ok
CREATE TABLE x (a int)

statement ok
INSERT INTO x VALUES (1), (2), (3)

query T
SELECT id FROM mz_catalog.mz_tables WHERE name = 'x'
----
u1

query I
SELECT a FROM x
----
1
2
3

query I
SELECT a FROM [1 AS materialize.public.y]
----
1
2
3

# Renaming the table to something different.

# Referring to it by its "true" name should not work.
statement error column "x.a" does not exist
SELECT x.a FROM [1 AS materialize.public.y]

# Referring to it by its assigned name should work.
query I
SELECT y.a FROM [1 AS materialize.public.y]
----
1
2
3

statement error invalid id
SELECT y.a FROM [6 AS materialize.public.y]
