# Copyright Materialize, Inc. All rights reserved.
#
# Use of this software is governed by the Business Source License
# included in the LICENSE file at the root of this repository.
#
# As of the Change Date specified in that file, in accordance with
# the Business Source License, use of this software will be governed
# by the Apache License, Version 2.0.

mode cockroach

query T
select LIST[1,2,3]
----
{1,2,3}

query error LIST expression does not have uniform type: Int32 vs List\(Int32\)
select LIST[1,LIST[2,3]]

query T
select LIST[[1],[2,3]]
----
{{1},{2,3}}

query error cannot determine type of empty list
select LIST[]

query T
select LIST[] :: INT LIST
----
{}

query T
select LIST[null]
----
{NULL}

query T
select LIST[1, null]
----
{1,NULL}

query T
select LIST[1, null] :: INT LIST
----
{1,NULL}

query T
select LIST[[1, null], []] :: INT LIST LIST
----
{{1,NULL},{}}

# Lists support arbitrarily deep nesting
query T
SELECT LIST[[[[1], [2]]], [[[3]]]]
----
{{{{1},{2}}},{{{3}}}}

# List(Int) cannot be cast to List(List(Int))
query error CAST does not support casting from i32 list to i32 list list
select LIST[1, null] :: INT LIST LIST

query T
select LIST[1, null] :: TEXT LIST
----
{1,NULL}

query T
select LIST['foo', 'f}o', '"\', null, 'null', 'NULL']
----
{foo,"f}o","\"\\",NULL,null,"NULL"}

query T
select list[list[list['"']]];
----
{{{"\""}}}

query T
select list['{1}']
----
{"{1}"}

query T
SELECT LIST[LIST[]::text list, LIST['a', 'b'], LIST['z']]
----
{{},{a,b},{z}}

# ðŸ”¬ list subscripts

# ðŸ”¬ðŸ”¬ list indexes

query R
SELECT LIST [1, 2, 3][2];
----
2

# exceeds maximum index
query R
SELECT LIST [1, 2, 3][100];
----
NULL

# exceeds maximum dimension
query error cannot subscript type i32
SELECT LIST [1, 2, 3][1][1];

# ðŸ”¬ðŸ”¬ list slices

query T
SELECT LIST [1, 2, 3][2:3];
----
{2,3}

query T
SELECT LIST [1, 2, 3][2:];
----
{2,3}

query T
SELECT LIST [1, 2, 3][:2];
----
{1,2}

query T
SELECT LIST [1, 2, 3][:];
----
{1,2,3}

# start exceeds maximum index
query R
SELECT LIST [1, 2, 3][100:];
----
NULL

# end exceeds maximum index
query T
SELECT LIST [1, 2, 3][:100];
----
{1,2,3}

# exceeds maximum dimension
query error cannot slice into 2 layers; list only has 1 layer
SELECT LIST [1, 2, 3][:, :]

# successive slices
query T
SELECT LIST [1, 2, 3][2:3][1:1];
----
{2}

# ðŸ”¬ðŸ”¬ list slices + index

query T
SELECT LIST [1, 2, 3][2:3][2];
----
3

# ðŸ”¬ list list subscripts

# ðŸ”¬ðŸ”¬ list list indexes

query T
SELECT LIST [[1, 2, 3], [4, 5]][1]
----
{1,2,3}

query R
SELECT LIST [[1, 2, 3], [4, 5]][1][3]
----
3

# exceeds maximum index
query T
SELECT LIST [[1, 2, 3], [4, 5]][100]
----
NULL

query T
SELECT LIST [[1, 2, 3], [4, 5]][1][100]
----
NULL

query T
SELECT LIST [[1, 2, 3], [4, 5]][100][1]
----
NULL

# exceeds maximum dimension
query error cannot subscript type i32
SELECT LIST [[1, 2, 3], [4, 5]][1][1][1]

# ðŸ”¬ðŸ”¬ list list slices

query T
SELECT LIST [[1, 2, 3], [4, 5]][2:2]
----
{{4,5}}

query T
SELECT LIST [[1, 2, 3], [4, 5]][1:2, 2:3];
----
{{2,3},{5}}

query T
SELECT LIST [[1, 2, 3], [4, 5]][2:]
----
{{4,5}}

query T
SELECT LIST [[1, 2, 3], [4, 5]][:2, 2:]
----
{{2,3},{5}}

query T
SELECT LIST [[1, 2, 3], [4, 5]][:, 2:]
----
{{2,3},{5}}

# start exceeds maximum index
query T
SELECT LIST [[1, 2, 3], [4, 5]][100:, :]
----
NULL

query T
SELECT LIST [[1, 2, 3], [4, 5]][:, 100:]
----
NULL

# propagating NULL lists
query T
SELECT LIST [[1, 2, 3], [4, 5]][:, 3:3]
----
{{3},NULL}

# end exceeds maximum index
query T
SELECT LIST [[1, 2, 3], [4, 5]][:100, :];
----
{{1,2,3},{4,5}}

query T
SELECT LIST [[1, 2, 3], [4, 5]][:, :100]
----
{{1,2,3},{4,5}}

# exceeds maximum dimension
query error cannot slice into 3 layers; list only has 2 layers
SELECT LIST [[1, 2, 3], [4, 5]][:, :, :]

# successive slice operations
query T
SELECT LIST [[1, 2, 3], [4, 5]][2:2][1:1]
----
{{4,5}}

# ðŸ”¬ðŸ”¬ list list slices + index

query T
SELECT LIST [[1, 2, 3], [4, 5]][1:2][2]
----
{4,5}

query T
SELECT LIST [[1, 2, 3], [4, 5]][1:2][2][2:2]
----
{5}

query T
SELECT LIST [[1, 2, 3], [4, 5]][1:2][2][2:2][1]
----
5

# ðŸ”¬ list list list

# ðŸ”¬ðŸ”¬ list list list indexes

query T
SELECT LIST [[[1, 2], [3, 4, 5]], [[6]], [[7, 8], [9]]][1]
----
{{1,2},{3,4,5}}

query T
SELECT LIST [[[1, 2], [3, 4, 5]], [[6]], [[7, 8], [9]]][1][2]
----
{3,4,5}

query R
SELECT LIST [[[1, 2], [3, 4, 5]], [[6]], [[7, 8], [9]]][1][2][3]
----
5

# exceeds maximum index
query T
SELECT LIST [[[1, 2], [3, 4, 5]], [[6]], [[7, 8], [9]]][100]
----
NULL

query T
SELECT LIST [[[1, 2], [3, 4, 5]], [[6]], [[7, 8], [9]]][1][100]
----
NULL

query R
SELECT LIST [[[1, 2], [3, 4, 5]], [[6]], [[7, 8], [9]]][1][2][100]
----
NULL

query R
SELECT LIST [[[1, 2], [3, 4, 5]], [[6]], [[7, 8], [9]]][100][2][3]
----
NULL

# exceeds maximum dimension
query error cannot subscript type i32
SELECT LIST [[[1, 2], [3, 4, 5]], [[6]], [[7, 8], [9]]][1][2][3][1]

# ðŸ”¬ðŸ”¬ list list list slices

query T
SELECT LIST [[[1, 2], [3, 4, 5]], [[6]], [[7, 8], [9]]][1:2]
----
{{{1,2},{3,4,5}},{{6}}}

query T
SELECT LIST [[[1, 2], [3, 4, 5]], [[6]], [[7, 8], [9]]][:, 1:1];
----
{{{1,2}},{{6}},{{7,8}}}

query T
SELECT LIST [[[1, 2], [3, 4, 5]], [[6]], [[7, 8], [9]]][:, :, 1:1];
----
{{{1},{3}},{{6}},{{7},{9}}}

# start exceeds maximum index
query T
SELECT LIST [[[1, 2], [3, 4, 5]], [[6]], [[7, 8], [9]]][100:100];
----
NULL

query T
SELECT LIST [[[1, 2], [3, 4, 5]], [[6]], [[7, 8], [9]]][:, 100:100];
----
NULL

query T
SELECT LIST [[[1, 2], [3, 4, 5]], [[6]], [[7, 8], [9]]][:, :, 100:100];
----
NULL

query T
SELECT LIST [[[1, 2], [3, 4, 5]], [[6]], [[7, 8], [9]]][:, 100:100, :];
----
NULL

# propagating NULL lists
query T
SELECT LIST [[[1, 2], [3, 4, 5]], [[6]], [[7, 8], [9]]][:, 2:2];
----
{{{3,4,5}},NULL,{{9}}}

query T
SELECT LIST [[[1, 2], [3, 4, 5]], [[6]], [[7, 8], [9]]][:, 2:2, 2:2];
----
{{{4}},NULL,NULL}

# end exceeds maximum index
query T
SELECT LIST [[[1, 2], [3, 4, 5]], [[6]], [[7, 8], [9]]][:100];
----
{{{1,2},{3,4,5}},{{6}},{{7,8},{9}}}

query T
SELECT LIST [[[1, 2], [3, 4, 5]], [[6]], [[7, 8], [9]]][:, :100];
----
{{{1,2},{3,4,5}},{{6}},{{7,8},{9}}}

query T
SELECT LIST [[[1, 2], [3, 4, 5]], [[6]], [[7, 8], [9]]][:, :, :100];
----
{{{1,2},{3,4,5}},{{6}},{{7,8},{9}}}

query T
SELECT LIST [[[1, 2], [3, 4, 5]], [[6]], [[7, 8], [9]]][:, :100, :100];
----
{{{1,2},{3,4,5}},{{6}},{{7,8},{9}}}

# exceeds maximum dimension
query error cannot slice into 4 layers; list only has 3 layers
SELECT LIST [[[1, 2], [3, 4, 5]], [[6]], [[7, 8], [9]]][:, :, :, :];

# ðŸ”¬ðŸ”¬ list list list slices + index

query T
SELECT LIST [[[1, 2], [3, 4, 5]], [[6]], [[7, 8], [9]]][1:2][1];
----
{{1,2},{3,4,5}}

query T
SELECT LIST [[[1, 2], [3, 4, 5]], [[6]], [[7, 8], [9]]][1:2][1][2:2][1];
----
{3,4,5}

query R
SELECT LIST [[[1, 2], [3, 4, 5]], [[6]], [[7, 8], [9]]][1:2][1][2:3][1][2:3][2];
----
5

# ðŸ”¬ NULL expressions

query R
SELECT (LIST[[1, 2, 3], NULL, [4]]::INT LIST LIST)[2][1]
----
NULL

query T
SELECT (LIST[[1, 2, 3], NULL, [4]]::INT LIST LIST)[2:3, 2:2]
----
NULL

query T
SELECT LIST[1, 2, 3][NULL]
----
NULL

query T
SELECT LIST[1, 2, 3][NULL:NULL]
----
NULL

query T
SELECT LIST[1, 2, 3][1:NULL]
----
NULL

query T
SELECT LIST[1, 2, 3][NULL:1]
----
NULL

query T
SELECT LIST[1, 2, 3][NULL:]
----
NULL

query T
SELECT LIST[1, 2, 3][:NULL]
----
NULL

query T
SELECT LIST[NULL][:]
----
{NULL}

query T
SELECT LIST[1, NULL, 3][:NULL]
----
NULL

query T
SELECT (LIST [[1, NULL, 3], NULL, [4, NULL, 6]]::INT LIST LIST)[2:];
----
{NULL,{4,NULL,6}}

query T
SELECT (LIST [[1, NULL, 3], NULL, [4, NULL, 6]]::INT LIST LIST)[2:3][1];
----
NULL

# ðŸ”¬ðŸ”¬ Slices and NULLs

# NULL literals are not touched by slice operations
query T
SELECT (LIST[NULL]::INT LIST)[1:1];
----
{NULL}

# Slicing into a NULL list produces an empty result expressed as NULL; if all
# results are empty, reduce them all to a single NULL
query T
SELECT (LIST[NULL, NULL]::INT LIST LIST)[:, 1:1];
----
NULL

# Literal NULLs are NOT empty results and don't get reduced
query T
SELECT (LIST[NULL, [NULL]]::INT LIST LIST)[:, 1:1];
----
{NULL,{NULL}}

# Results can mix values and empty-results-as-NULLs
query T
SELECT (LIST [[1, NULL, 3], NULL, [4, 5, 6]]::INT LIST LIST)[2:3, 2:2];
----
{NULL,{5}}

# Results can mix NULL values and empty-results-as-NULLs
query T
SELECT (LIST [[1, NULL, 3], NULL, [4, NULL, 6]]::INT LIST LIST)[2:3, 2:2];
----
{NULL,{NULL}}

# Empty results across dimensions are still reduced
query T
SELECT (LIST [[1, NULL, 3], NULL, [4, NULL, 6]]::INT LIST LIST)[2:3, 4:4];
----
NULL

# Outer list's second position produces empty results, but third position
# produces value, so cannot be totally reduced
query T
SELECT (LIST [NULL, [NULL], [[NULL]]]::INT LIST LIST LIST)[:, :, :];
----
{NULL,NULL,{{NULL}}}

# Third position returns empty results, along with the first and second
# position, so all can be reduced to NULL
query T
SELECT (LIST [NULL, [NULL], [[NULL]]]::INT LIST LIST LIST)[:, :, 2:2];
----
NULL

# ðŸ”¬ Empty lists expressions

query T
SELECT (LIST[]::INT LIST)[1]
----
NULL

query T
SELECT (LIST[]::INT LIST)[:]
----
NULL

query T
SELECT (LIST[]::INT LIST)[1:1]
----
NULL

query T
SELECT (LIST[]::INT LIST LIST)[1:1, 1:1]
----
NULL

# ðŸ”¬ Other subscript values

# ðŸ”¬ðŸ”¬ end > start

query T
SELECT LIST[1, 2, 3][2:1];
----
NULL

# ðŸ”¬ðŸ”¬ Negative values

query T
SELECT LIST[1, 2, 3][-100];
----
NULL

query T
SELECT LIST[1, 2, 3][-100:];
----
{1,2,3}

query T
SELECT LIST[1, 2, 3][-100:99];
----
{1,2,3}

query T
SELECT LIST[1, 2, 3][-100:-99];
----
NULL

query T
SELECT LIST[1, 2, 3][-100:-101];
----
NULL

query T
SELECT LIST[1, 2, 3][:-100];
----
NULL

# ðŸ”¬ðŸ”¬ min/max

query R
SELECT LIST[1][9223372036854775807::bigint]
----
NULL

query R
SELECT LIST[1][-9223372036854775807::bigint]
----
NULL

query R
SELECT LIST[1][9223372036854775807::bigint:9223372036854775807::bigint]
----
NULL

query R
SELECT LIST[1][9223372036854775807::bigint:-9223372036854775807::bigint]
----
NULL

query T
SELECT LIST[1][-9223372036854775807::bigint:9223372036854775807::bigint]
----
{1}

query R
SELECT LIST[1][-9223372036854775807::bigint:-9223372036854775807::bigint]
----
NULL

# ðŸ”¬ Non-int subscript values

# ðŸ”¬ðŸ”¬ Ok

query R
select LIST[1,2,3][1.4];
----
1

query R
select LIST[1,2,3][1.5];
----
2

query R
select LIST[1,2,3][1.5::real];
----
2

query R
select LIST[1,2,3][1.5::float];
----
2

query R
select LIST[1,2,3][1.5 + 1.6];
----
3

query T
select LIST[1,2,3][0.1 * 2 : 0.5 + 1.6];
----
{1,2}

query T
select LIST[1,2,3][LIST[1][2.0 / 2]];
----
1

# ðŸ”¬ðŸ”¬ Err

query error invalid input syntax for int8: invalid digit found in string: "dog"
SELECT LIST[1,2,3]['dog']

query error subscript \(indexing\) does not support casting from date to i64
SELECT LIST [[1, 2, 3], [4, 5]][DATE '2001-01-01']

query error subscript \(indexing\) does not support casting from timestamp to i64
SELECT LIST [[1, 2, 3], [4, 5]][TIMESTAMP '2001-01-01']

query error invalid input syntax for int8: invalid digit found in string: "dog"
SELECT LIST[1,2,3][1:'dog']

query error subscript \(slicing\) does not support casting from date to i64
SELECT LIST [[1, 2, 3], [4, 5]][1:DATE '2001-01-01']

query error subscript \(slicing\) does not support casting from timestamp to i64
SELECT LIST [[1, 2, 3], [4, 5]][1:TIMESTAMP '2001-01-01']

# ðŸ”¬ Built-in functions

# ðŸ”¬ðŸ”¬ list_append

# ðŸ”¬ðŸ”¬ðŸ”¬ list + element

query T
SELECT list_append(LIST[1, 2], 3)
----
{1,2,3}

# ðŸ”¬ðŸ”¬ðŸ”¬ list list + list (list + element)

query T
SELECT list_append(LIST[[1], [2]], LIST[3])
----
{{1},{2},{3}}

# ðŸ”¬ðŸ”¬ðŸ”¬ NULL elements

# ðŸ”¬ðŸ”¬ðŸ”¬ðŸ”¬ list + element

query T
SELECT list_append(LIST[1], NULL)
----
{1,NULL}

query T
SELECT list_append(NULL, 1)
----
{1}

query T
SELECT list_append(LIST[1], NULL)
----
{1,NULL}

query T
SELECT list_append(NULL, NULL::INT)
----
{NULL}

query T
SELECT list_append(NULL::INT LIST, NULL)
----
{NULL}

# ðŸ”¬ðŸ”¬ðŸ”¬ðŸ”¬ list list + list (list + element)

query T
SELECT list_append(LIST[[1]], NULL)
----
{{1},NULL}

query T
SELECT list_append(NULL, LIST[1])
----
{{1}}

query T
SELECT list_append(NULL::INT LIST LIST, NULL)
----
{NULL}

query T
SELECT list_append(NULL, NULL::INT LIST)
----
{NULL}

# ðŸ”¬ðŸ”¬ðŸ”¬ errors

query error Cannot call function list_append\(unknown, unknown\): arguments cannot be implicitly cast to any implementation's parameters; try providing explicit casts
SELECT list_append(NULL, NULL)

query error
SELECT list_append(LIST[1], 'a');

query error
SELECT list_append(LIST[1], LIST[2])

query error
SELECT list_append(1, LIST[1])

# ðŸ”¬ðŸ”¬ list_cat

# ðŸ”¬ðŸ”¬ðŸ”¬ list + list

query T
SELECT list_cat(LIST[1, 2], LIST[3, 4])
----
{1,2,3,4}

query T
SELECT list_cat(LIST[[1]], LIST[[2]])
----
{{1},{2}}

# ðŸ”¬ðŸ”¬ðŸ”¬ NULL elements

# ðŸ”¬ðŸ”¬ðŸ”¬ðŸ”¬ list + list

query T
SELECT list_cat(LIST[1], NULL)
----
{1}

query T
SELECT list_cat(LIST[1], NULL)
----
{1}

query T
SELECT list_cat(NULL, LIST[1])
----
{1}

query T
SELECT list_cat(NULL::INT LIST, NULL)
----
NULL

query T
SELECT list_cat(NULL, NULL::INT LIST)
----
NULL

# ðŸ”¬ðŸ”¬ðŸ”¬ errors

query error
SELECT list_cat(NULL, NULL)

query error
SELECT list_cat('a', LIST[1])

query error
SELECT list_cat(LIST[1], LIST[[2]])

# ðŸ”¬ðŸ”¬ list_ndims

query R
SELECT list_ndims(LIST [1, 2, 3])
----
1

query R
SELECT list_ndims(LIST []::INT LIST)
----
1

query R
SELECT list_ndims(LIST[[1],[1]])
----
2

query R
SELECT list_ndims(LIST [[[1], [1]], [[1]]])
----
3

# ðŸ”¬ðŸ”¬ðŸ”¬ slices

query R
SELECT list_ndims(LIST[[1],[1]][1:1])
----
2

query R
SELECT list_ndims(LIST [[[1], [1]], [[1]]][1:2])
----
3

# ðŸ”¬ðŸ”¬ðŸ”¬ interior lists

query R
SELECT list_ndims(LIST[[1],[1]][1])
----
1

query R
SELECT list_ndims(LIST [[[1], [1]], [[1]]][1])
----
2

query R
SELECT list_ndims(LIST [[[1], [1]], [[1]]][1][1])
----
1

# ðŸ”¬ðŸ”¬ðŸ”¬ NULL elements

query R
SELECT list_ndims(LIST[NULL]::INT LIST)
----
1

query R
SELECT list_ndims(LIST[NULL]::INT LIST LIST)
----
2

query R
SELECT list_ndims(LIST[[1], NULL]::INT LIST LIST)
----
2

query R
SELECT list_ndims((LIST[[1],NULL]::INT LIST LIST)[2])
----
1

# ðŸ”¬ðŸ”¬ list_length

query R
SELECT list_length(LIST [1])
----
1

query R
SELECT list_length(LIST [1, 1])
----
2

query R
SELECT list_length(LIST[[1],[1]])
----
2

query R
SELECT list_length(LIST [[[1], [1]], [[1]]])
----
2

query R
SELECT list_length(LIST []::INT LIST)
----
0

# ðŸ”¬ðŸ”¬ðŸ”¬ slices

query R
SELECT list_length(LIST[[1],[1]][1:1])
----
1

query R
SELECT list_length(LIST [[[1, 2], [3, 4, 5]], [[6]], [[7, 8], [9]]][1:2])
----
2

# ðŸ”¬ðŸ”¬ðŸ”¬ indexing operations

query R
SELECT list_length(LIST [[[1], [1]], [[1]]][1])
----
2

query R
SELECT list_length(LIST [[[1], [1]], [[1]]][1][1])
----
1

# ðŸ”¬ðŸ”¬ðŸ”¬ NULL elements

query R
SELECT list_length(LIST[1, NULL]::INT LIST)
----
2

query R
SELECT list_length(LIST[[1],NULL]::INT LIST LIST)
----
2

query R
SELECT list_length((LIST[[1],NULL]::INT LIST LIST)[2])
----
NULL

# ðŸ”¬ðŸ”¬ list_length_max

query R
SELECT list_length_max(LIST [1, 2, 3], 1)
----
3

query R
SELECT list_length_max(LIST [1, 2, 3, 4], 1)
----
4

query R
SELECT list_length_max(LIST[[1],[2,3]], 2)
----
2

query R
SELECT list_length_max(LIST [[[1, 2, 3], [4]], [[5]]], 2)
----
2

query R
SELECT list_length_max(LIST [[[1, 2, 3], [4]], [[5]]], 3)
----
3

query R
SELECT list_length_max(LIST []::INT LIST, 1)
----
0

query R
SELECT list_length_max(LIST [[]]::INT LIST LIST, 2)
----
0

# ðŸ”¬ðŸ”¬ðŸ”¬ slices

query R
SELECT list_length_max(LIST[[1], [2]][1:1], 1)
----
1

query R
SELECT list_length_max(LIST[[1], [2, 3]][2:2], 2)
----
2

query R
SELECT list_length_max(LIST [[[1, 2, 3], [4]], [[5]]][1:2], 1)
----
2

query R
SELECT list_length_max(LIST [[[1, 2, 3], [4]], [[5]]][1:1], 2)
----
2

query R
SELECT list_length_max(LIST [[[1, 2, 3], [4]], [[5]]][1:1], 3)
----
3

# ðŸ”¬ðŸ”¬ðŸ”¬ indexing operations

query R
SELECT list_length_max(LIST[[1], [2, 3]][2], 1)
----
2

query R
SELECT list_length_max(LIST [[[1, 2, 3], [4]], [[5]]][1], 1)
----
2

query R
SELECT list_length_max(LIST [[[1, 2, 3], [4]], [[5]]][1], 2)
----
3

query R
SELECT list_length_max(LIST [[[1, 2, 3], [4]], [[5]]][1][2], 1)
----
1

# ðŸ”¬ðŸ”¬ðŸ”¬ NULL elements

query R
SELECT list_length_max(NULL::INT LIST, 1);
----
NULL

query R
SELECT list_length_max(LIST[1, NULL, 3]::INT LIST, 1)
----
3

query R
SELECT list_length_max(LIST[[1],NULL]::INT LIST LIST, 1)
----
2

query R
SELECT list_length_max((LIST[[1],NULL]::INT LIST LIST), 2)
----
1

query T
SELECT list_length_max((LIST[NULL]::INT LIST LIST), 2)
----
NULL

# ðŸ”¬ðŸ”¬ðŸ”¬ errors

query error invalid dimension: 2; must use value within \[1, 1\]
SELECT list_length_max((LIST[1]::INT LIST), 2)

query error invalid dimension: 2; must use value within \[1, 1\]
SELECT list_length_max((LIST[NULL]::INT LIST), 2)

query error invalid dimension: 3; must use value within \[1, 2\]
SELECT list_length_max((LIST[NULL]::INT LIST LIST), 3)

query error invalid dimension: 0; must use value within \[1, 1\]
SELECT list_length_max((LIST[1]::INT LIST), 0)

query error invalid dimension: -1; must use value within \[1, 1\]
SELECT list_length_max((LIST[1]::INT LIST), -1)

query error invalid dimension: -1; must use value within \[1, 1\]
SELECT list_length_max((LIST[1]::INT LIST), LIST[-1][1])

# ðŸ”¬ðŸ”¬ list_prepend

# ðŸ”¬ðŸ”¬ðŸ”¬ element + list

query T
SELECT list_prepend(1, LIST[2, 3])
----
{1,2,3}

# ðŸ”¬ðŸ”¬ðŸ”¬ list + list list (element + list)

query T
SELECT list_prepend(LIST[1], LIST[[2], [3]])
----
{{1},{2},{3}}

# ðŸ”¬ðŸ”¬ðŸ”¬ NULL elements

# ðŸ”¬ðŸ”¬ðŸ”¬ðŸ”¬ element + list

query T
SELECT list_prepend(NULL, LIST[1])
----
{NULL,1}

query T
SELECT list_prepend(NULL::INT, LIST[1])
----
{NULL,1}

query T
SELECT list_prepend(1, NULL::INT LIST)
----
{1}

query T
SELECT list_prepend(NULL::INT, NULL::INT LIST)
----
{NULL}

# ðŸ”¬ðŸ”¬ðŸ”¬ðŸ”¬ list + list list (element + list)

query T
SELECT list_prepend(NULL, LIST[[1]])
----
{NULL,{1}}

query T
SELECT list_prepend(LIST[1], NULL)
----
{{1}}

query T
SELECT list_prepend(NULL::INT LIST, NULL)
----
{NULL}

query T
SELECT list_prepend(NULL, NULL::INT LIST LIST)
----
{NULL}

# ðŸ”¬ðŸ”¬ðŸ”¬ errors

query error
SELECT list_prepend(NULL, NULL)

query error
SELECT list_prepend('a', LIST[1])

query error
SELECT list_prepend(LIST[1], LIST[2])

query error
SELECT list_prepend(LIST[1], 1)

# ðŸ”¬ðŸ”¬ unnest

query I rowsort
SELECT unnest FROM unnest(LIST[1,2,3])
----
1
2
3

query T rowsort
SELECT unnest FROM unnest(LIST[[1,2],[3]])
----
{1,2}
{3}

query T
SELECT unnest FROM unnest(LIST[NULL])
----
NULL

query I rowsort
SELECT unnest FROM unnest(LIST[NULL,1])
----
NULL
1

query T
SELECT unnest FROM unnest(NULL::int list)
----

query error Cannot call function unnest\(unknown\): arguments cannot be implicitly cast to any implementation's parameters; try providing explicit casts
SELECT * FROM unnest(NULL)

# ðŸ”¬ List casts

# ðŸ”¬ðŸ”¬ Between lists

# ðŸ”¬ðŸ”¬ðŸ”¬ Single-dimensional lists

query T
SELECT LIST['1']::int list
----
{1}

query T
SELECT LIST[NULL]::int list
----
{NULL}

query T
SELECT LIST[NULL, '1']::int list
----
{NULL,1}

query T
SELECT LIST[1.4, 1.5]::int list;
----
{1,2}

query T
SELECT LIST[1.4::float, -1.5::float]::int list;
----
{1,-2}

query T
SELECT NULL::int list
----
NULL

# ðŸ”¬ðŸ”¬ðŸ”¬ðŸ”¬ Errors

query error invalid input syntax for int4: invalid digit found in string: "dog"
SELECT LIST['1', 'dog']::int list

query error CAST does not support casting from date list to i32 list
SELECT LIST[DATE '2008-02-01']::int list

# ðŸ”¬ðŸ”¬ðŸ”¬ Multi-dimensional and jagged lists

query T
SELECT LIST[[1.4::float], [-1.5::float, 2.5::float]]::int list list;
----
{{1},{-2,3}}

query T
SELECT LIST[[1.4::float], [-1.5::float, 2.5::float], NULL::float list]::int list list;
----
{{1},{-2,3},NULL}

# ðŸ”¬ðŸ”¬ðŸ”¬ Non-numeric types

query T
SELECT LIST[TIMESTAMP '2008-02-01 15:04:05', TIMESTAMP '2007-02-01 15:04:05']::date list
----
{2008-02-01,2007-02-01}

query T
SELECT LIST[DATE '2008-02-01', DATE '2007-02-01']::timestamp list
----
{"2008-02-01 00:00:00","2007-02-01 00:00:00"}

# ðŸ”¬ðŸ”¬ list to text

query T
SELECT LIST['1']::text
----
{1}

query T
SELECT LIST[NULL]::text
----
{NULL}

query T
SELECT LIST[NULL, '1']::text
----
{NULL,1}

query T
SELECT LIST[NULL, 1]::text
----
{NULL,1}

query T
SELECT LIST[NULL, '1']::text
----
{NULL,1}

query T
SELECT LIST[NULL, 1]::text
----
{NULL,1}

query T
SELECT LIST[1.4, -1.5]::text
----
{1.4,-1.5}

query T
SELECT LIST[[1.4], [-1.5]]::text
----
{{1.4},{-1.5}}

query T
SELECT LIST[[1.4::float], [-1.5::float, 2.5::float]]::text
----
{{1.4},{-1.5,2.5}}

# Show that these are actually strings
query I
SELECT length(LIST['1','2']::text)
----
5

query error Cannot call function length\(string list\): arguments cannot be implicitly cast to any implementation's parameters; try providing explicit casts
SELECT length(LIST['1','2'])

# ðŸ”¬ðŸ”¬ text to list

# ðŸ”¬ðŸ”¬ðŸ”¬ text to int list

query I
SELECT * FROM unnest('{1,2,3}'::int list)
----
1
2
3

query T rowsort
SELECT * FROM unnest('{{1,2},{3}}'::int list list)
----
{1,2}
{3}

query T rowsort
SELECT * FROM unnest('{{{1},{2}},{{3}}}'::int list list list);
----
{{1},{2}}
{{3}}

query T
SELECT '{NULL}'::int list;
----
{NULL}

query T
SELECT '{}'::int list
----
{}

# ðŸ”¬ðŸ”¬ðŸ”¬ text to text list

query T
SELECT '{"a"," b","c ", d,e }'::text list
----
{a," b","c ",d,e}

query T
SELECT '{{"a"," b","c "},{ d,e }}'::text list list
----
{{a," b","c "},{d,e}}

# NULL-esque string handling
query TI rowsort
SELECT unnest, length(unnest) from  unnest('{NULL,nUlL,"NULL"}'::text list) ORDER BY length
----
NULL  4
NULL  NULL
NULL  NULL

# Test some escape values
query TI rowsort
SELECT unnest, length(unnest) from  unnest('{"a,b","\\","a\\b\"c\\d\""}'::text list) ORDER BY length
----
\  1
a,b  3
a\b"c\d"  8

query T
SELECT '{NULL}'::text list;
----
{NULL}

query T
SELECT '{}'::text list
----
{}

# ðŸ”¬ðŸ”¬ðŸ”¬ðŸ”¬ Quote escapes

# Preserves leading and trailing spaces within escape, but not outside of escape
query T
SELECT '{ " a " }'::text list
----
{" a "}

# Escapes content
query T
SELECT '{"} \""}'::text list
----
{"} \""}

query T
SELECT '{"{a}"}'::text list
----
{"{a}"}

query T
SELECT '{"",""}'::text list
----
{"",""}

# This demos that the double quotes from the input are actually stripped
query TI
SELECT unnest, length(unnest) FROM unnest('{"",""}'::text list);
----
(empty) 0
(empty) 0

# Mixture of escape and non-escaped elements
query T
SELECT '{"{",a}'::text list
----
{"{",a}

# Escape gets reset after each element
query T
SELECT '{"{",\\}'::text list
----
{"{","\\"}

# Elements within double quotes gets unescaped before being cast
query T
SELECT '{{a, "", "\""}, "{a, \"\", \"\\\"\"}"}'::text list list
----
{{a,"","\""},{a,"","\""}}

# Unquoted elements cannot have special characters interleaved within them
query error invalid input syntax for list: malformed literal; must escape special character '"': "\{a"b"\}"
SELECT '{a"b"}'::text list

query error invalid input syntax for list: malformed literal; must escape special character '\{': "\{a\{b\}"
SELECT '{a{b}'::text list

query error invalid input syntax for list: malformed array literal; contains 'b' after terminal '\}': "\{a\}b\}"
SELECT '{a}b}'::text list

# No non-whitespace characters after the escape
query error invalid input syntax for list: expected ',' or '\}', got 'b': "\{"a"b\}"
SELECT '{"a"b}'::text list

query error invalid input syntax for list: expected ',' or '\}', got '"': "\{""""\}"
SELECT '{""""}'::text list

query error invalid input syntax for list: expected ',' or '\}', got '"': "\{"""\}"
SELECT '{"""}'::text list

# ðŸ”¬ðŸ”¬ðŸ”¬ðŸ”¬ Unquoted escapes

# Escapes work on special characters
query T
SELECT '{\{, \}, \", \,}'::text list
----
{"{","}","\"",","}

# Preserves escaped white space
query T
SELECT '{\ a}'::text list
----
{" a"}

query T
SELECT '{a \ }'::text list
----
{"a  "}

query T
SELECT '{\ a \ }'::text list
----
{" a  "}

query T
SELECT '{a \ \ }'::text list
----
{"a   "}

# list lists are only escaped once; if they were escaped at each level, they
# would no longer escape leading or trailing whitespace
query T
SELECT '{{\ a}}'::text list list
----
{{" a"}}

query T
SELECT '{{a \ }}'::text list list
----
{{"a  "}}

query T
SELECT '{{\ a \ }}'::text list list
----
{{" a  "}}

query T
SELECT '{{a \ \ }}'::text list list
----
{{"a   "}}

# Unescaped space is trimmed
query T
SELECT '{\ \ a     ,     b \  }'::text list
----
{"  a","b  "}

query T
SELECT '{     a \ \ , \ b     }'::text list
----
{"a   "," b"}

query T
SELECT '{a \ \     ,   \  b   }'::text list
----
{"a   ","  b"}

query T
SELECT '{ {     a \ }     }'::text list list
----
{{"a  "}}

query T
SELECT '{     {a \     } }'::text list list
----
{{"a  "}}

query T
SELECT '{     \ a}'::text list
----
{" a"}

# Leading/trailing escaped special characters are honored
query T
SELECT '{\"a\"}'::text list
----
{"\"a\""}

query T
SELECT '{\{a\}}'::text list
----
{"{a}"}

# Escaping backslashes works
query T
SELECT '{ \\\\a\\\\ }'::text list
----
{"\\\\a\\\\"}

# Escaping a non-special character has no visible effect on the output; normal
# whitespacing rules apply
query T
SELECT '{ \a }'::text list
----
{a}

# Escaping a character in NULL turns it into the string "NULL"
query T
SELECT '{N\ULL}'::text list
----
{"NULL"}

# Escaping terminal character means it isn't available to close the list
query error invalid input syntax for list: unterminated element
SELECT '{\}'::text list

query error invalid input syntax for list: unexpected end of input
SELECT '{{\}}'::text list list

# ðŸ”¬ðŸ”¬ðŸ”¬ text to other lists

query T
SELECT '{1y 2d 3h, "4y 5d 6h"}'::interval list
----
{"1 year 2 days 03:00:00","4 years 5 days 06:00:00"}

query T
SELECT '{2001-02-03, "2004-05-06"}'::date list
----
{2001-02-03,2004-05-06}

query T
SELECT '{NULL}'::date list;
----
{NULL}

# ðŸ”¬ðŸ”¬ðŸ”¬ misc. checks

# Elements within double quotes have their double quotes before being cast to
# their element type
query T
SELECT '{"1"}'::int list
----
{1}

query T
SELECT '{"1"}'::text list
----
{1}

query T
SELECT '{"{}"}'::int list list
----
{{}}

query T
SELECT '{"{}"}'::text list list
----
{{}}

# Empty lists
query T
SELECT '{  }'::text list
----
{}

query T
SELECT '{ {   } }'::text list list
----
{{}}

# ðŸ”¬ðŸ”¬ðŸ”¬ errors

# Empty string is invalid
query error invalid input syntax for list: expected '\{', found empty string: ""
SELECT ''::text list

# Not a list
query error invalid input syntax for list: expected '\{', found 1: "1"
SELECT '1'::int list

# Invalid element
query error invalid input syntax for list: invalid input syntax for int4: invalid digit found in string: "a": "\{a\}"
SELECT '{a}'::int list

# 'NULL' isn't a valid string for a list; just use unescaped NULL
query error invalid input syntax for list: expected '\{', found N: "NULL"
SELECT 'NULL'::int list

# Too many leading brackets
query error invalid input syntax for list: unescaped '\{' at beginning of element
SELECT '{{1}}'::int list

# Too many leading brackets
query error invalid input syntax for list: unescaped '\{' at beginning of element
SELECT '{{1}'::int list

query error invalid input syntax for list: unexpected end of input: "\{\{1\}"
SELECT '{{1}'::int list list

# Too many following brackets
query error invalid input syntax for list: malformed array literal; contains '\}' after terminal '\}': "\{1\}\}"
SELECT '{1}}'::int list

query error invalid input syntax for list: invalid input syntax for list: expected '\{', found 1: "1": "\{1\}\}"
SELECT '{1}}'::int list list

# Cannot have commas followed or preceded by empty elements
query error invalid input syntax for list: malformed literal; missing element: "\{a,  \}"
SELECT '{a,  }'::text list

query error invalid input syntax for list: malformed literal; missing element: "\{  ,a\}"
SELECT '{  ,a}'::text list

# ðŸ”¬ Built-in operations

# ðŸ”¬ðŸ”¬ concatenation (||)

# ðŸ”¬ðŸ”¬ðŸ”¬ list + list

query T
SELECT LIST[1, 2] || LIST[3, 4]
----
{1,2,3,4}

query T
SELECT LIST[[1], [2]] || LIST[[3], [4]]
----
{{1},{2},{3},{4}}

# ðŸ”¬ðŸ”¬ðŸ”¬ list + element

query T
SELECT LIST[1, 2] || 3
----
{1,2,3}

# ðŸ”¬ðŸ”¬ðŸ”¬ element + list

query T
SELECT 1 || LIST[2, 3]
----
{1,2,3}

# ðŸ”¬ðŸ”¬ðŸ”¬ list list + list (list + element)

query T
SELECT LIST[[1], [2]] || LIST[3]
----
{{1},{2},{3}}

# ðŸ”¬ðŸ”¬ðŸ”¬ list + list list (element + list)

query T
SELECT LIST[1] || LIST[[2], [3]]
----
{{1},{2},{3}}

# ðŸ”¬ðŸ”¬ðŸ”¬ NULL elements

# ðŸ”¬ðŸ”¬ðŸ”¬ðŸ”¬ list + list

# Our type system resolves `list || NULL` as a form of `list || list`
query T
SELECT LIST[1] || NULL
----
{1}

query T
SELECT NULL || LIST[1]
----
{1}

query T
SELECT LIST[1] || NULL::INT LIST
----
{1}

query T
SELECT  NULL::INT LIST || LIST[1]
----
{1}

query T
SELECT NULL::INT LIST || NULL::INT LIST
----
NULL

# ðŸ”¬ðŸ”¬ðŸ”¬ðŸ”¬ list + element

query T
SELECT LIST[1] || NULL::INT
----
{1,NULL}

query T
SELECT NULL::INT LIST || 1
----
{1}

query T
SELECT NULL::INT LIST || NULL::INT
----
{NULL}

# ðŸ”¬ðŸ”¬ðŸ”¬ðŸ”¬ element + list

query T
SELECT NULL::INT || LIST[1]
----
{NULL,1}

query T
SELECT 1 || NULL::INT LIST
----
{1}

query T
SELECT NULL::INT || NULL::INT LIST
----
{NULL}

# ðŸ”¬ðŸ”¬ðŸ”¬ðŸ”¬ list list + list (list + element)

query T
SELECT LIST[[1]] || NULL::INT LIST
----
{{1},NULL}

query T
SELECT NULL::INT LIST LIST || LIST[1]
----
{{1}}

query T
SELECT NULL::INT LIST LIST || NULL::INT LIST
----
{NULL}

# ðŸ”¬ðŸ”¬ðŸ”¬ðŸ”¬ list + list list (element + list)

query T
SELECT NULL::INT LIST || LIST[[1]]
----
{NULL,{1}}

query T
SELECT LIST[1] || NULL::INT LIST LIST
----
{{1}}

query T
SELECT NULL::INT LIST || NULL::INT LIST LIST
----
{NULL}

# ðŸ”¬ðŸ”¬ðŸ”¬ errors

query error no overload for i32 list || unknown: Cannot concatenate i32 list and string list
SELECT LIST[1] || LIST['a']

query error  no overload for i32 list || unknown: Cannot concatenate i32 list and string
SELECT LIST[1] || 'a'

query error no overload for unknown || i32 list: Cannot concatenate string list and i32 list
SELECT LIST[NULL] || LIST[1]

query error no overload for unknown || i32 list: Cannot concatenate string list list and i32 list
SELECT LIST[[NULL]] || LIST[1]

query error no overload for i32 list list list || i32 list: Cannot concatenate i32 list list list and i32 list
SELECT LIST[[[1]]] || LIST[2]
