# Copyright Materialize, Inc. and contributors. All rights reserved.
#
# Use of this software is governed by the Business Source License
# included in the LICENSE file at the root of this repository.
#
# As of the Change Date specified in that file, in accordance with
# the Business Source License, use of this software will be governed
# by the Apache License, Version 2.0.

statement ok
CREATE TABLE t1 (a int, b int)

statement ok
INSERT INTO t1 values (1, 2)

query T multiline
EXPLAIN SELECT (record).f2 FROM (SELECT ROW(a, a) AS record FROM t1);
----
%0 =
| Get materialize.public.t1 (u1)
| Project (#0)

EOF

query T multiline
EXPLAIN SELECT record, (record).f2 FROM (SELECT ROW(a, a) AS record FROM t1);
----
%0 =
| Get materialize.public.t1 (u1)
| Map record_create(#0, #0), record_get[1](#2)
| Project (#2, #3)

EOF

query T multiline
EXPLAIN SELECT (COALESCE(record, ROW(NULL, NULL))).f2 FROM (SELECT ROW(a, a) AS record FROM t1)
----
%0 =
| Get materialize.public.t1 (u1)
| Project (#0)

EOF

query T multiline
EXPLAIN SELECT * FROM (SELECT (record).f2 as a FROM (SELECT ROW(a, a) AS record FROM t1)) WHERE a > 2
----
%0 =
| Get materialize.public.t1 (u1)
| Filter (#0 > 2)
| Project (#0)

EOF

query T multiline
EXPLAIN
SELECT (record2).f1
FROM (
    SELECT ROW(c, (record)) as record2
    FROM (
        SELECT (record).f2 as c, record
        FROM (
            SELECT ROW(a, b) as record FROM t1)))
----
%0 =
| Get materialize.public.t1 (u1)
| Project (#1)

EOF
