# Copyright Materialize, Inc. All rights reserved.
#
# Use of this software is governed by the Business Source License
# included in the LICENSE file at the root of this repository.
#
# As of the Change Date specified in that file, in accordance with
# the Business Source License, use of this software will be governed
# by the Apache License, Version 2.0.

mode cockroach

statement ok
CREATE TABLE t1 (a int)

statement ok
CREATE TABLE t2 (a int)

statement ok
CREATE TABLE t3 (a int)

# This works in MySQL, but not PostgreSQL.
query I
SELECT t1.a FROM t1 JOIN t2 ON t1.a = t2.a GROUP BY t2.a
----

# As above, this works in MySQL, but not PostgreSQL.
query I
SELECT t1.a FROM t1 JOIN t2 ON t1.a = t2.a LEFT JOIN t3 ON t2.a = t3.a GROUP BY t2.a
----

# Same as last query, but with associativity reversed.
query I
SELECT t1.a FROM t1 JOIN (t2 JOIN t3 ON t2.a = t3.a) ON t1.a = t2.a GROUP BY t3.a
----

# This works in PostgreSQL.
query I
SELECT t1.a FROM t1 NATURAL JOIN t2
----

# This works in PostgreSQL too.
query I
SELECT t2.a FROM t1 NATURAL JOIN t2
----

# Test sources with unnamed columns.

statement ok
CREATE VIEW v1 AS SELECT 1, 2

query II
SELECT * FROM v1
----
1  2

query II
SELECT v1.* FROM v1
----
1  2
