# Copyright Materialize, Inc. All rights reserved.
#
# Use of this software is governed by the Business Source License
# included in the LICENSE file at the root of this repository.
#
# As of the Change Date specified in that file, in accordance with
# the Business Source License, use of this software will be governed
# by the Apache License, Version 2.0.

mode cockroach

### column names ###

query TTT colnames
SELECT length('a'), ascii('a'), substr('a', 1) LIMIT 0
----
length  ascii  substr

query T colnames
SELECT length(column1) FROM (VALUES ('a')) GROUP BY length(column1) LIMIT 0
----
length

query T colnames
SELECT column1::text FROM (VALUES ('a')) LIMIT 0
----
column1

### ascii ###

statement ok
CREATE TABLE asciitest (strcol CHAR(15), vccol VARCHAR(15))

# TODO: materialize#589 Add two tests:
# 1: empty string to each column
# 2: single space in each column
statement ok
INSERT INTO asciitest VALUES ('hello world', 'goodbye moon'), (NULL, NULL),
    ('‰Ω†Â•Ω', 'ÂÜçËßÅ'), ('üòÄ', 'üëª')

statement error
SELECT ascii(98)

query II colnames
SELECT ascii(strcol) AS strres, ascii(vccol) AS vcres FROM asciitest ORDER BY strres
----
strres  vcres
NULL    NULL
104     103
20320   20877
128512  128123

query I
SELECT ascii(NULL)
----
NULL

query I
SELECT ascii(substr('inside literal', 3, 4))
----
115

### substr ###
statement ok
CREATE TABLE substrtest (strcol char(15), vccol varchar(15), smicol smallint, intcol int)

statement ok
INSERT INTO substrtest VALUES ('Mg', 'Mn', 1, 1), ('magnesium', 'manganese', 3, NULL),
    (NULL, NULL, 0, 0), ('24.31', '54.94', 2, 3), ('Èïø‰πÖ‰∏çËßÅ', 'Áà±‰∏çÈáäÊâã', NULL, 2),
    ('', '', -1, 2)

# invalid input
statement error
SELECT substr(192, 1, 1)

statement error
SELECT substr('from wrong type', 1.5, 2)

statement error
SELECT substr('for wrong type', 2, 1.5)

query I
SELECT substr('for cannot be negative', 1, -3)
----
NULL

query I
SELECT substr('for still cannot be negative', 30, -2)
----
NULL

# standard tests

# TODO: materialize#589 SELECT strcol FROM substrtest
query T colnames
SELECT substr(vccol, 1, 3) AS vcres FROM substrtest ORDER BY vcres
----
vcres
NULL
(empty)
54.
Mn
man
Áà±‰∏çÈáä

query T colnames
SELECT substr(vccol, 1, 5) AS vcres FROM substrtest ORDER BY vcres
----
vcres
NULL
(empty)
54.94
Mn
manga
Áà±‰∏çÈáäÊâã

query T colnames
SELECT substr(vccol, 1) AS vcres FROM substrtest ORDER BY vcres
----
vcres
NULL
(empty)
54.94
Mn
manganese
Áà±‰∏çÈáäÊâã

query T colnames
SELECT substr(vccol, 3) AS vcres FROM substrtest ORDER BY vcres
----
vcres
NULL
(empty)
(empty)
.94
nganese
ÈáäÊâã

query T colnames
SELECT substr(vccol, 3, 1) AS vcres FROM substrtest ORDER BY vcres
----
vcres
NULL
(empty)
(empty)
.
n
Èáä

# negative start position
query T colnames
SELECT substr(vccol, -1) AS vcres FROM substrtest ORDER BY vcres
----
vcres
NULL
(empty)
54.94
Mn
manganese
Áà±‰∏çÈáäÊâã

query T colnames
SELECT substr(vccol, -2, 6) AS vcres FROM substrtest ORDER BY vcres
----
vcres
NULL
(empty)
54.
Mn
man
Áà±‰∏çÈáä

query T colnames
SELECT substr(vccol, -3, 5) AS vcres FROM substrtest ORDER BY vcres
----
vcres
NULL
(empty)
5
M
m
Áà±

query TT colnames
SELECT substr(strcol, -4, 5) AS strres, substr(vccol, -4, 5) AS vcres FROM substrtest ORDER BY vcres
----
strres  vcres
NULL    NULL
(empty) (empty)
(empty) (empty)
(empty) (empty)
(empty) (empty)
(empty) (empty)

query TT colnames
SELECT substr(strcol, -6, 6) AS strres, substr(vccol, -6, 6) AS vcres FROM substrtest ORDER BY vcres
----
strres  vcres
NULL    NULL
(empty) (empty)
(empty) (empty)
(empty) (empty)
(empty) (empty)
(empty) (empty)

query TT colnames
SELECT substr(strcol, -5, 4) AS strres, substr(vccol, -5, 4) AS vcres FROM substrtest ORDER BY vcres
----
strres  vcres
NULL    NULL
(empty) (empty)
(empty) (empty)
(empty) (empty)
(empty) (empty)
(empty) (empty)

# for or start is zero
query T colnames
SELECT substr(vccol, 0) AS vcres FROM substrtest ORDER BY vcres
----
vcres
NULL
(empty)
54.94
Mn
manganese
Áà±‰∏çÈáäÊâã

query T colnames
SELECT substr(vccol, 0, 3) AS vcres FROM substrtest ORDER BY vcres
----
vcres
NULL
(empty)
54
Mn
ma
Áà±‰∏ç

query TT colnames
SELECT substr(strcol, 0, 0) AS strres, substr(vccol, 0, 0) AS vcres FROM substrtest ORDER BY vcres
----
strres  vcres
NULL    NULL
(empty) (empty)
(empty) (empty)
(empty) (empty)
(empty) (empty)
(empty) (empty)

query TT colnames
SELECT substr(strcol, 3, 0) AS strres, substr(vccol, 3, 0) AS vcres FROM substrtest ORDER BY vcres
----
strres  vcres
NULL    NULL
(empty) (empty)
(empty) (empty)
(empty) (empty)
(empty) (empty)
(empty) (empty)

# NULL inputs
query T
SELECT substr(NULL, 1)
----
NULL

query T
SELECT substr(NULL, 1, 3)
----
NULL

query T
SELECT substr('text string', NULL)
----
NULL

query T
SELECT substr(NULL, NULL)
----
NULL

query T
SELECT substr('foo', NULL, 3)
----
NULL

query T
SELECT substr('bar', NULL, NULL)
----
NULL

query T
SELECT substr('baz', 2, NULL)
----
NULL

query T
SELECT substr(NULL, NULL, NULL)
----
NULL

# alternative syntax
query T colnames
SELECT substring(vccol, 1, 3) AS vcres FROM substrtest ORDER BY vcres
----
vcres
NULL
(empty)
54.
Mn
man
Áà±‰∏çÈáä

# testing different kinds of int columns and NULL content in columns
query T
SELECT substr(vccol, smicol, smicol) AS vcres FROM substrtest ORDER BY vcres
----
NULL
NULL
NULL
4.
M
nga

query T
SELECT substr(vccol, intcol, intcol) AS vcres FROM substrtest ORDER BY vcres
----
NULL
NULL
(empty)
.94
M
‰∏çÈáä

query T
SELECT substr(vccol, smicol, intcol) AS vcres FROM substrtest ORDER BY vcres
----
NULL
NULL
NULL
(empty)
4.9
M

query T
SELECT substr(vccol, intcol, smicol) AS vcres FROM substrtest ORDER BY vcres
----
NULL
NULL
NULL
NULL
.9
M

query T
SELECT substr('subexpression test', ascii(''), 3)
----
su

# TODO: materialize#606 Add tests for the alternate syntax if it is enabled

### length ###
statement ok
CREATE TABLE lengthtest(strcol char(15), vccol varchar(15))

statement ok
INSERT INTO lengthtest VALUES
    ('str', 'str'), (' str', ' str'), ('str ', 'str '), ('‰Ω†Â•Ω', '‰Ω†Â•Ω'),
    ('‰ªäÊó•„ÅØ', '‰ªäÊó•„ÅØ'), ('‡§π‡•á‡§≤‡•ã', '‡§π‡•á‡§≤‡•ã'),
    (NULL, NULL), ('', '')

# invalid input
statement error
SELECT length(99)

statement error
SELECT length('str', 99)

# standard tests
query I rowsort
SELECT length(strcol) FROM lengthtest
----
15
15
15
15
15
15
15
NULL

query I rowsort
SELECT length(vccol) FROM lengthtest
----
0
2
3
3
4
4
4
NULL

query I
SELECT length('‰Ω†Â•Ω', 'big5')
----
3

query I
SELECT length('‰Ω†Â•Ω', 'iso-8859-5')
----
6

# encoding name conversion FROM pg to WHATWG
query I
SELECT length('‰Ω†Â•Ω', 'ISO_8859_5')
----
6

# invalid encoding name
query I
SELECT length('‰Ω†Â•Ω', 'iso-123')
----
NULL

# NULL inputs
query I
SELECT length(NULL)
----
NULL

query I
SELECT length('str', NULL)
----
NULL

query T
SELECT replace('one', 'one', 'two')
----
two

query T
SELECT replace('in a longer string', 'longer', 'shorter')
----
in a shorter string

query T
SELECT 'hello'::bytea::text
----
\x68656c6c6f


### coalesce ###

query T
SELECT concat('CONCAT', 'function')
----
CONCATfunction

query T
SELECT concat('CONCAT', ' ', 'function')
----
CONCAT function

query T
SELECT concat('CONCAT', NULL , 'function')
----
CONCATfunction

query I
SELECT length(concat(''))
----
0

query I
SELECT length(concat(NULL))
----
0

query I
SELECT length(concat(' '))
----
1

query T
SELECT concat('CONCAT', 3 , 'function')
----
CONCAT3function

query T
SELECT concat('CONCAT', length('abc') , 'function')
----
CONCAT3function

query T
SELECT concat(3.32::float)
----
3.32

query T
SELECT concat(3.32::double precision)
----
3.32

query T
SELECT concat(3.32::int)
----
3

query T
SELECT concat(3.32)
----
3.32

query T
SELECT concat(3.32::decimal, 3)
----
33

query T
SELECT concat(3.32::float, 3)
----
3.323

query T
SELECT concat(3.32::float, '3')
----
3.323

query T
SELECT concat(true, false, 'function')
----
tffunction

query T
SELECT concat('‰Ω†Â•Ω')
----
‰Ω†Â•Ω
