# Copyright Materialize, Inc. and contributors. All rights reserved.
#
# Use of this software is governed by the Business Source License
# included in the LICENSE file at the root of this repository.
#
# As of the Change Date specified in that file, in accordance with
# the Business Source License, use of this software will be governed
# by the Apache License, Version 2.0.
#
# This file is derived from the logic test suite in CockroachDB. The
# original file was retrieved on June 10, 2019 from:
#
# The original source code is subject to the terms of the Apache
# 2.0 license, a copy of which can be found in the LICENSE file at the
# root of this repository.

mode cockroach

statement ok
CREATE TABLE y (a JSONB)

# Ensure this does not panic.
query TTTT
SELECT * FROM y a, y b, jsonb_each(a.a);
----

query I
SELECT generate_series FROM generate_series(1, 3)
----
1
2
3

query I
SELECT generate_series FROM generate_series(2, 4)
----
2
3
4

query I
SELECT generate_series FROM generate_series(-2, 2)
----
0
1
2
-2
-1

query I
SELECT generate_series FROM generate_series(-2::bigint, 2)
----
0
1
2
-2
-1

query I
SELECT generate_series FROM generate_series(null, 1)
----

query I
SELECT generate_series FROM generate_series(1, null)
----

query error unable to determine which implementation to use
SELECT generate_series FROM generate_series(null, null)
----

statement error invalid input syntax for type integer: invalid digit found in string: "foo"
SELECT generate_series FROM generate_series('foo', 2)

statement error invalid input syntax for type integer: invalid digit found in string: "foo"
SELECT generate_series FROM generate_series(1, 'foo')

statement error arguments cannot be implicitly cast to any implementation's parameters
SELECT generate_series FROM generate_series(2)

query T multiline
EXPLAIN RAW PLAN FOR SELECT generate_series FROM generate_series(-2, 2)
----
%0 =
| Constant ()

%1 =
| CallTable generate_series(-2, 2, 1)

%2 =
| InnerLateralJoin %0 %1 on true

EOF

query T multiline
EXPLAIN PLAN FOR SELECT generate_series FROM generate_series(-2, 2)
----
%0 =
| Constant (0) (1) (2) (-2) (-1)

EOF

query I colnames
SELECT x FROM generate_series(1, 3) x
----
x
1
2
3

# TODO(justin): Don't currently support the timestamp version.
query error arguments cannot be implicitly cast to any implementation's parameters
SELECT * FROM generate_series(now() - '5m'::interval, now(), '5s'::interval)
----

# generate_series with lateral joins.

statement ok
CREATE TABLE x (a INT PRIMARY KEY, b INT)

statement ok
INSERT INTO x VALUES (1, 2), (2, 3), (3, 4)

query III
SELECT * FROM x, generate_series(1, a)
----
1  2  1
2  3  1
2  3  2
3  4  1
3  4  2
3  4  3

# Both from the first one.
query IIIII
SELECT * FROM x x1, x x2, generate_series(x1.a, x1.b) WHERE x1.b = x2.b
----
1  2  1  2  1
1  2  1  2  2
2  3  2  3  2
2  3  2  3  3
3  4  3  4  3
3  4  3  4  4

# Both from the second one.
query IIIII
SELECT * FROM x x1, x x2, generate_series(x2.a, x2.b) WHERE x1.b = x2.b
----
1  2  1  2  1
1  2  1  2  2
2  3  2  3  2
2  3  2  3  3
3  4  3  4  3
3  4  3  4  4

# One from each.
query IIIII
SELECT * FROM x x1, x x2, generate_series(x1.a, x2.a) WHERE x1.b = x2.b
----
1  2  1  2  1
2  3  2  3  2
3  4  3  4  3

# Regression test for #3877: a table function as the first FROM item inside of
# a LATERAL subquery should not miscount outer scope depth.
query II
SELECT x.a, generate_series FROM x, LATERAL (SELECT * FROM generate_series(1, x.a))
----
1  1
2  1
2  2
3  1
3  2
3  3

# Regression test for #5520: crash when a filter references an output column of
# a table function
query IIIII
SELECT * FROM x x1, x x2, generate_series(x1.a, x2.b) AS x3(b) WHERE x1.b = x2.b AND x1.a = x3.b
----
1 2 1 2 1
2 3 2 3 2
3 4 3 4 3

query T multiline
EXPLAIN RAW PLAN FOR SELECT * FROM x, generate_series(1, a)
----
%0 =
| Get materialize.public.x (u3)

%1 =
| CallTable generate_series(1, #^0, 1)

%2 =
| InnerLateralJoin %0 %1 on true

EOF

query T multiline
EXPLAIN RAW PLAN FOR SELECT * FROM x, generate_series(100::bigint, a)
----
%0 =
| Get materialize.public.x (u3)

%1 =
| CallTable generate_series(i32toi64(100), i32toi64(#^0), 1)

%2 =
| InnerLateralJoin %0 %1 on true

EOF

query T multiline
EXPLAIN PLAN FOR SELECT * FROM x, generate_series(1, 10)
----
%0 =
| Get materialize.public.x (u3)
| FlatMap generate_series(1, 10, 1)

EOF

query T multiline
EXPLAIN PLAN FOR SELECT * FROM x, generate_series(1, a)
----
%0 =
| Get materialize.public.x (u3)
| FlatMap generate_series(1, #0, 1)

EOF

query T multiline
EXPLAIN PLAN FOR SELECT * FROM x x1, x x2, generate_series(x1.a, x2.a) WHERE x1.b = x2.b
----
%0 = Let l0 =
| Get materialize.public.x (u3)
| Filter !(isnull(#1))

%1 =
| Get %0 (l0)
| ArrangeBy (#1)

%2 =
| Join %1 %0 (= #1 #3)
| | implementation = Differential %0 %1.(#1)
| Project (#0..#2)
| FlatMap generate_series(#0, #2, 1)
| Project (#0..#2, #1, #3)

EOF

query T multiline
EXPLAIN PLAN FOR SELECT * FROM x x1, x x2, generate_series(x1.a, x2.a) WHERE x1.b = x2.b
----
%0 = Let l0 =
| Get materialize.public.x (u3)
| Filter !(isnull(#1))

%1 =
| Get %0 (l0)
| ArrangeBy (#1)

%2 =
| Join %1 %0 (= #1 #3)
| | implementation = Differential %0 %1.(#1)
| Project (#0..#2)
| FlatMap generate_series(#0, #2, 1)
| Project (#0..#2, #1, #3)

EOF

# Regression test for #5520: crash when a filter references an output column of
# a table function around a join
query T multiline
EXPLAIN PLAN FOR SELECT * FROM x x1, x x2, generate_series(x1.a, x2.b) AS x3(b) WHERE x1.b = x2.b AND x1.a = x3.b
----
%0 = Let l0 =
| Get materialize.public.x (u3)
| Filter !(isnull(#1))

%1 =
| Get %0 (l0)
| ArrangeBy (#1)

%2 =
| Join %1 %0 (= #1 #3)
| | implementation = Differential %0 %1.(#1)
| Project (#0..#2)
| FlatMap generate_series(#0, #1, 1)
| Filter (#0 = #3)
| Project (#0..#2, #1, #3)

EOF

query I
SELECT * FROM generate_series(0,3), repeat_row(generate_series);
----
1
2
2
3
3
3

query I
SELECT abs(generate_series) FROM generate_series(-1, 2), repeat_row(generate_series);
----
2
2

statement error  Negative multiplicity in constant result: -1
SELECT * FROM (values ('a')), repeat_row(-1)

statement error constant folding encountered reduce on collection with non-positive multiplicities
SELECT (SELECT 1 FROM repeat_row(-1))

query error unable to determine which implementation to use
SELECT generate_series FROM generate_series(null, null, null)
----

query I
SELECT generate_series FROM generate_series(1, 3, 1)
----
1
2
3

query error step size cannot equal zero
SELECT generate_series FROM generate_series(1, 100, 0)
----

query error step size cannot equal zero
SELECT generate_series FROM generate_series(1::bigint, 100::bigint, 0::bigint)
----


query I
SELECT generate_series FROM generate_series(1, 10, 11)
----
1

query I
SELECT generate_series FROM generate_series(1::bigint, 10::bigint, 11::bigint)
----
1

query I
SELECT generate_series FROM generate_series(3, 1, -1)
----
1
2
3

query I
SELECT generate_series FROM generate_series(3::bigint, 1::bigint, -1::bigint)
----
1
2
3

query I
SELECT generate_series FROM generate_series(1, 10, -1)
----

query I
SELECT generate_series FROM generate_series(1::bigint, 10::bigint, -1::bigint)
----

query I
SELECT generate_series FROM generate_series(2, 4, 2)
----
2
4

query I
SELECT generate_series FROM generate_series(2::bigint, 4::bigint, 2::bigint)
----
2
4

query I
SELECT generate_series FROM generate_series(-2, 2, 3)
----
1
-2

query I
SELECT generate_series FROM generate_series(-2::bigint, 2::bigint, 3::bigint)
----
1
-2

query I
SELECT generate_series FROM generate_series(-2::bigint, 2, 1)
----
0
1
2
-2
-1

query I
SELECT generate_series FROM generate_series(null, 1, 1)
----

query I
SELECT generate_series FROM generate_series(null, 1::bigint, 1::bigint)
----

query I
SELECT generate_series FROM generate_series(1, null, 1)
----

query I
SELECT generate_series FROM generate_series(1::bigint, null, 1::bigint)
----

query T multiline
EXPLAIN RAW PLAN FOR SELECT generate_series FROM generate_series(-2, 2, 1)
----
%0 =
| Constant ()

%1 =
| CallTable generate_series(-2, 2, 1)

%2 =
| InnerLateralJoin %0 %1 on true

EOF

query T multiline
EXPLAIN RAW PLAN FOR SELECT generate_series FROM generate_series(-2::bigint, 2::bigint, 1::bigint)
----
%0 =
| Constant ()

%1 =
| CallTable generate_series(i32toi64(-2), i32toi64(2), i32toi64(1))

%2 =
| InnerLateralJoin %0 %1 on true

EOF

query T multiline
EXPLAIN PLAN FOR SELECT generate_series FROM generate_series(-2, 2, 2)
----
%0 =
| Constant (0) (2) (-2)

EOF

query T multiline
EXPLAIN PLAN FOR SELECT generate_series FROM generate_series(-2::bigint, 2::bigint, 2::bigint)
----
%0 =
| Constant (0) (2) (-2)

EOF

# information_schema._pg_expandarray

query error arguments cannot be implicitly cast
SELECT information_schema._pg_expandarray()

query error arguments cannot be implicitly cast
SELECT * FROM information_schema._pg_expandarray()

query error cannot determine type of empty array
SELECT information_schema._pg_expandarray(ARRAY[])

query error cannot determine type of empty array
SELECT * FROM information_schema._pg_expandarray(ARRAY[])

query error arguments cannot be implicitly cast
SELECT * FROM information_schema._pg_expandarray(NULL)

query error arguments cannot be implicitly cast
SELECT information_schema._pg_expandarray(NULL)

query T colnames
SELECT information_schema._pg_expandarray(ARRAY[]::int[])
----
_pg_expandarray

query TI colnames
SELECT * FROM information_schema._pg_expandarray(ARRAY[]::int[])
----
x  n

query T colnames
SELECT information_schema._pg_expandarray(ARRAY[100])
----
 _pg_expandarray
(100,1)

query TI
SELECT * FROM information_schema._pg_expandarray(ARRAY[100])
----
100 1

query T
SELECT information_schema._pg_expandarray(ARRAY[2, 1]) ORDER BY 1
----
(1,2)
(2,1)

query II
SELECT * FROM information_schema._pg_expandarray(ARRAY[2, 1]) ORDER BY x
----
1 2
2 1

query T
SELECT information_schema._pg_expandarray(ARRAY[3, 2, 1]) ORDER BY 1
----
(1,3)
(2,2)
(3,1)

query II
SELECT * FROM information_schema._pg_expandarray(ARRAY[3, 2, 1]) ORDER BY x
----
1 3
2 2
3 1

query T
SELECT information_schema._pg_expandarray(ARRAY['a'])
----
(a,1)

query TI
SELECT * FROM information_schema._pg_expandarray(ARRAY['a'])
----
a 1

query T
SELECT information_schema._pg_expandarray(ARRAY['b', 'a']) ORDER BY 1
----
(a,2)
(b,1)

query TI
SELECT * FROM information_schema._pg_expandarray(ARRAY['b', 'a']) ORDER BY x
----
a 2
b 1

query T
SELECT information_schema._pg_expandarray(ARRAY['c', 'b', 'a']) ORDER BY 1
----
(a,3)
(b,2)
(c,1)

query TI
SELECT * FROM information_schema._pg_expandarray(ARRAY['c', 'b', 'a']) ORDER BY x
----
a 3
b 2
c 1

# Test table and column naming for table functions that return 1 column.

query T colnames
SELECT generate_series.* FROM generate_series(1, 1)
----
generate_series
1

query T
SELECT generate_series.generate_series FROM generate_series(1, 1)
----
1

query T colnames
SELECT g FROM generate_series(1, 1) AS g
----
g
1

query T
SELECT g.g FROM generate_series(1, 1) AS g
----
1

query T colnames
SELECT g.* FROM generate_series(1, 1) AS g
----
g
1

query T colnames
SELECT g FROM generate_series(1, 1) AS g(a)
----
g
1

query T colnames
SELECT g.a FROM generate_series(1, 1) AS g(a)
----
a
1

query T colnames
SELECT g.* FROM generate_series(1, 1) AS g(a)
----
a
1

statement error column "g.g" does not exist
SELECT g.g FROM generate_series(1, 1) AS g(a)

statement error column "generate_series" does not exist
SELECT generate_series FROM generate_series(1, 1) AS g

statement error column "g.generate_series" does not exist
SELECT g.generate_series FROM generate_series(1, 1) AS g

statement error column "generate_series.g" does not exist
SELECT generate_series.g FROM generate_series(1, 1) AS g

# Test table and column naming for set functions that return more than 1 column.

query T colnames
SELECT g FROM information_schema._pg_expandarray(ARRAY[100]) AS g
----
g
(100,1)

query TT colnames
SELECT _pg_expandarray.* FROM information_schema._pg_expandarray(ARRAY[100])
----
x n
100 1

query T
SELECT _pg_expandarray.x FROM information_schema._pg_expandarray(ARRAY[100])
----
100

query T
SELECT g FROM information_schema._pg_expandarray(ARRAY[100]) AS g
----
(100,1)

query T
SELECT g.x FROM information_schema._pg_expandarray(ARRAY[100]) AS g
----
100

query TT
SELECT g.* FROM information_schema._pg_expandarray(ARRAY[100]) AS g
----
100 1

query T colnames
SELECT information_schema._pg_expandarray(ARRAY['a']) AS x
----
x
(a,1)

# Test aliasing table functions and using named columns of the results.

query T rowsort
SELECT jsonb_array_elements.value->>'a' FROM jsonb_array_elements('[{"a":1},{"a":2},{"a":3}]')
----
1
2
3

query T rowsort
SELECT js.value->>'a' FROM jsonb_array_elements('[{"a":1},{"a":2},{"a":3}]') js
----
1
2
3

# Test more table/set functions in select projections.

statement ok
CREATE TABLE t (i int)

statement ok
INSERT INTO t VALUES (1), (2)

query II colnames
SELECT t.i, g.g FROM t, LATERAL generate_series(3,4) g(g) ORDER BY i, g
----
i g
1 3
1 4
2 3
2 4

# This should be identical to the above.
query II colnames
SELECT t.i, generate_series(3,4) g FROM t ORDER BY i, g
----
i g
1 3
1 4
2 3
2 4

query T colnames
SELECT jsonb_each('{"3":4,"1":2}'::JSONB) ORDER BY 1
----
jsonb_each
(1,2)
(3,4)

query error multiple table functions in select projections not yet supported
SELECT 1, jsonb_object_keys('{"1":2,"3":4}'::JSONB), jsonb_object_keys('{"1":2,"3":4,"5":6}'::JSONB) ORDER BY 1

query error table function .* in scalar position not yet supported
SELECT jsonb_build_object(jsonb_object_keys('{"a":2, "b":3}'), 1, 'c', 3) ORDER BY 1

query error table function .* in scalar position not yet supported
SELECT jsonb_build_object(jsonb_object_keys('{"a":2, "b":3}'), 1, 'c', 3), jsonb_build_object(jsonb_object_keys('{"a":2, "b":3}'), 1, 'c', 3) ORDER BY 1

query error table function .* in scalar position not yet supported
SELECT jsonb_build_object(jsonb_object_keys('{"a":2, "b":3}'), 1, 'c', 3), jsonb_build_object(jsonb_object_keys('{"a":2}'), 1, 'c', 3);

query error multiple table functions in select projections not yet supported
SELECT jsonb_array_elements(jsonb_array_elements('[[1,2],[3,4]]')), jsonb_array_elements(jsonb_array_elements('[[1],[3,4,5]]')) ORDER BY 1

query error multiple table functions in select projections not yet supported
SELECT jsonb_array_elements(jsonb_array_elements('[[1,2],[3,4]]')), jsonb_array_elements('[7,8,9]') ORDER BY 1

# Postgres explicitly disallows this use case.
query error table function .* in scalar position not yet supported
SELECT i, CASE WHEN i > 0 THEN generate_series(1, 5) ELSE 0 END FROM t

query error multiple table functions in select projections not yet supported
SELECT generate_series(1,2), generate_series(1,2)
