# Copyright Materialize, Inc. All rights reserved.
#
# Use of this software is governed by the Business Source License
# included in the LICENSE file at the root of this repository.
#
# As of the Change Date specified in that file, in accordance with
# the Business Source License, use of this software will be governed
# by the Apache License, Version 2.0.

mode cockroach

statement ok
CREATE TABLE t (a int)

statement ok
INSERT INTO t (a) VALUES (1)

#### next transaction

statement ok
BEGIN

query I rowsort
SELECT * FROM t
----
1

statement ok
COMMIT

#### next transaction

statement ok
BEGIN

query I rowsort
SELECT * FROM t
----
1

statement ok
ROLLBACK

#### next transaction

statement ok
START TRANSACTION

query I rowsort
SELECT * FROM t
----
1

statement ok
COMMIT

#### next transaction

statement ok
START TRANSACTION

query I rowsort
SELECT * FROM t
----
1

statement ok
ROLLBACK

# Multiple INSERTs.
simple
INSERT INTO t VALUES (2);
INSERT INTO t VALUES (3);
----
COMPLETE 1
COMPLETE 1

# INSERT in explicit transactions.
statement ok
BEGIN

simple
INSERT INTO t VALUES (4);
----
COMPLETE 1

# Verify ROLLBACK works by not expecting 4 below.
statement ok
ROLLBACK

# INSERT rolled up from implicit txn into explicit not ok because mixed
# with a read.
simple
INSERT INTO t VALUES (5);
BEGIN;
SELECT 1;
----
db error: ERROR: transaction in write-only mode

# This COMMIT should be ignored due to the failure above.
statement ok
COMMIT

# INSERT allowed in explicit transactions.
simple
BEGIN; INSERT INTO t VALUES (6);
----
COMPLETE 0
COMPLETE 1

# Verify that the to-be-inserted data is not readable by another connection.
simple conn=read
SELECT * FROM t WHERE a=6
----
COMPLETE 0

statement ok
COMMIT

simple
INSERT INTO t VALUES (7), (8)
----
COMPLETE 2

# Verify contents of table at the end.
query I
SELECT * FROM t ORDER BY a
----
1
2
3
6
7
8

# The only thing we support multiple of in an implicit transaction
# (multiple statements in the same query string) is row-returning
# statements.
simple
CREATE TABLE u (i INT); SELECT 1;
----
db error: ERROR: CREATE TABLE u (i int4) cannot be run inside a transaction block

# Multiple reads in the same query string are ok.
simple
SELECT 1; SELECT 2
----
1
COMPLETE 1
2
COMPLETE 1

# Verify that `SHOW` queries work in transactions.

simple
BEGIN
----
COMPLETE 0

query T rowsort
SHOW TABLES
----
t

simple
COMMIT
----
COMPLETE 0

# Regression for #5725
statement ok
CREATE TABLE t5727 (i INT)

simple
BEGIN;
INSERT INTO t VALUES (1);
----
COMPLETE 0
COMPLETE 1

simple conn=drop
DROP TABLE t
----
COMPLETE 0

simple
COMMIT
----
db error: ERROR: unknown catalog item 'u1'
