# Copyright Materialize, Inc. All rights reserved.
#
# Use of this software is governed by the Business Source License
# included in the LICENSE file at the root of this repository.
#
# As of the Change Date specified in that file, in accordance with
# the Business Source License, use of this software will be governed
# by the Apache License, Version 2.0.

statement ok
CREATE TABLE t (a float, b int)

statement ok
INSERT INTO t VALUES (4.7, 2)

# Test that all arithmetic and comparison operators coalesce their arguments.
# The goal is not to test every possible combination of arguments, but just a
# basic sanity check. An old version of the code forgot to include modulus in
# list of operators that should coalesce their inputs.

query RRRRRBBBBBB
SELECT
    a + b,
    a - b,
    a * b,
    a / b,
    a % b,
    a < b,
    a <= b,
    a > b,
    a >= b,
    a = b,
    a <> b
FROM t
----
6.700
2.700
9.400
2.350
0.700
false
false
true
true
false
true

# Do not allow int4 text comparisons
query error no overload for text < integer
SELECT 'foo'::text < 5::int;

query error no overload for integer < text
SELECT 1 < ALL(VALUES(NULL))

# But string *literals* can coerce to anything.
query T
SELECT '1' < 2
----
true

query T
SELECT 'true' OR 'false'
----
true

# Int literals <=32::MAX/>= MIN are int4
query T
SELECT pg_typeof(100)
----
integer

query T
SELECT pg_typeof(-100)
----
integer

query T
SELECT pg_typeof(2147483647)
----
integer

query T
SELECT pg_typeof(-2147483648)
----
integer

# Int literals that exceed i32 are int8
query T
SELECT pg_typeof(2147483648)
----
bigint

query T
SELECT pg_typeof(-2147483649)
----
bigint

query T
SELECT pg_typeof(9223372036854775807)
----
bigint

query T
SELECT pg_typeof(-9223372036854775808)
----
bigint

# Int literals that exceed i64 are numeric
query T
SELECT pg_typeof(9223372036854775808)
----
numeric(38,0)

query T
SELECT pg_typeof(-9223372036854775809)
----
numeric(38,0)

# Use comparison ops to check for type promotion

# Check int4 promotes to numeric
query T multiline
EXPLAIN RAW PLAN FOR
    SELECT 1 > 1.1;
----
%0 =
| Constant ()
| Map ((i32todec(1) * 10dec) > 11dec)

EOF

# Check int8 promotes to numeric
query T multiline
EXPLAIN RAW PLAN FOR
    SELECT 1::bigint > 1.11111
----
%0 =
| Constant ()
| Map ((i64todec(i32toi64(1)) * 100000dec) > 111111dec)

EOF

# Check int8 promotes to double precision
query T multiline
EXPLAIN RAW PLAN FOR
    SELECT 1::bigint > 1.11111::float
----
%0 =
| Constant ()
| Map (i64tof64(i32toi64(1)) > (dectof64(111111dec) / 100000))

EOF

# Check numeric promotes to double precision
query T multiline
EXPLAIN RAW PLAN FOR
    SELECT 1.1 > 1::float;
----
%0 =
| Constant ()
| Map ((dectof64(11dec) / 10) > i32tof64(1))

EOF

# Check numerics do not get promoted
query T multiline
EXPLAIN RAW PLAN FOR
    SELECT 1.1 > 1.1
----
%0 =
| Constant ()
| Map (11dec > 11dec)

EOF

# Check floats do not get promoted
query T multiline
EXPLAIN RAW PLAN FOR
    SELECT 1::float > 1::float
----
%0 =
| Constant ()
| Map (i32tof64(1) > i32tof64(1))

EOF

# Checks that float8 is preferred type for int4
query T multiline
EXPLAIN RAW PLAN FOR
    SELECT floor(1);
----
%0 =
| Constant ()
| Map floorf64(i32tof64(1))

EOF

# Cannot implicitly cast int4 to string
query error Cannot call function char_length\(integer\): arguments cannot be implicitly cast to any implementation's parameters; try providing explicit casts
SELECT char_length(321);

# Cannot implicitly cast string to any numeric category
query error no overload for text \+ text
SELECT 'dog'::text + 'cat'::text;

# Cannot implicitly cast double precision to numeric
query error Cannot call function round\(double precision, integer\): arguments cannot be implicitly cast to any implementation's parameters; try providing explicit casts
SELECT round(1.23::float, 1);

# Check that float8 is the most common type
query T multiline
EXPLAIN RAW PLAN FOR
    SELECT coalesce(1::int, 1::numeric, 1::float);
----
%0 =
| Constant ()
| Map coalesce(i32tof64(1), (dectof64(i32todec(1)) / 1), i32tof64(1))

EOF

# Test bool->string explicit cast
query T
SELECT true::string;
----
true

# Test bool->string implicit cast
query T
SELECT concat(true);
----
t

# Check that date promotes to tstz
query T multiline
EXPLAIN RAW PLAN FOR
    SELECT TIMESTAMPTZ '2001 03-04' - DATE '2002 03-04';
----
%0 =
| Constant ()
| Map (strtotstz("2001 03-04") - datetotstz(strtodate("2002 03-04")))

EOF

# Check that ts promotes to tstz
query T multiline
EXPLAIN RAW PLAN FOR
    SELECT TIMESTAMPTZ '2001 03-04' - TIMESTAMP '2002 03-04';
----
%0 =
| Constant ()
| Map (strtotstz("2001 03-04") - tstotstz(strtots("2002 03-04")))

EOF

# Check that date promotes to ts
query T multiline
EXPLAIN RAW PLAN FOR
    SELECT TIMESTAMP '2001 03-04' - DATE '2002 03-04';
----
%0 =
| Constant ()
| Map (strtots("2001 03-04") - datetots(strtodate("2002 03-04")))

EOF

# Check that tstz is most-common type
query T multiline
EXPLAIN RAW PLAN FOR
    SELECT coalesce(DATE '2001', TIMESTAMP '2002', TIMESTAMPTZ '2003');
----
%0 =
| Constant ()
| Map coalesce(datetotstz(strtodate("2001")), tstotstz(strtots("2002")), strtotstz("2003"))

EOF

query T
SELECT 1::bigint::bigint;
----
1

query error CAST does not support casting from boolean to bigint
SELECT TRUE::boolean::bigint

query error CAST does not support casting from date to bigint
SELECT '2001 02-03'::date::bigint

query T
SELECT 1.1::numeric::bigint;
----
1

query T
SELECT 1.2::double::bigint;
----
1

query T
SELECT 1.3::real::bigint;
----
1

query T
SELECT 2::int::bigint;
----
2

query error CAST does not support casting from interval to bigint
SELECT '1'::interval::bigint

query error cannot cast jsonb object to type bigint
SELECT '{}'::jsonb::bigint;

query R
SELECT '1'::jsonb::bigint;
----
1

query error invalid input syntax for type bigint: invalid digit found in string: "dog"
SELECT 'dog'::text::bigint

query error CAST does not support casting from time to bigint
SELECT '01:02:03'::time::bigint

query error CAST does not support casting from timestamp to bigint
SELECT '2002 03-04'::timestamp::bigint

query error CAST does not support casting from timestamp with time zone to bigint
SELECT '2003 04-05'::timestamptz::bigint

query T
SELECT 1::bigint::boolean;
----
true

query T
SELECT TRUE::boolean::boolean;
----
true

query error CAST does not support casting from date to boolean
SELECT '2001 02-03'::date::boolean

query error CAST does not support casting from numeric\(38,0\) to boolean
SELECT 1.1::numeric::boolean

query error CAST does not support casting from double precision to boolean
SELECT 1.2::double::boolean

query error CAST does not support casting from real to boolean
SELECT 1.3::real::boolean

query T
SELECT 2::int::boolean;
----
true

query error CAST does not support casting from interval to boolean
SELECT '1'::interval::boolean

query error cannot cast jsonb object to type boolean
SELECT '{}'::jsonb::boolean;

query error cannot cast jsonb numeric to type boolean
SELECT '1'::jsonb::boolean;

query error invalid input syntax for type boolean: "dog"
SELECT 'dog'::text::boolean

query error CAST does not support casting from time to boolean
SELECT '01:02:03'::time::boolean

query error CAST does not support casting from timestamp to boolean
SELECT '2002 03-04'::timestamp::boolean

query error CAST does not support casting from timestamp with time zone to boolean
SELECT '2003 04-05'::timestamptz::boolean

query error CAST does not support casting from bigint to date
SELECT 1::bigint::date

query error CAST does not support casting from boolean to date
SELECT TRUE::boolean::date

query T
SELECT '2001 02-03'::date::date;
----
2001-02-03

query error CAST does not support casting from numeric\(38,0\) to date
SELECT 1.1::numeric::date

query error CAST does not support casting from double precision to date
SELECT 1.2::double::date

query error CAST does not support casting from real to date
SELECT 1.3::real::date

query error CAST does not support casting from integer to date
SELECT 2::int::date

query error CAST does not support casting from interval to date
SELECT '1'::interval::date

query error CAST does not support casting from jsonb to date
SELECT '{}'::jsonb::date

query error invalid input syntax for type date: YEAR, MONTH, DAY are all required: "dog"
SELECT 'dog'::text::date

query error CAST does not support casting from time to date
SELECT '01:02:03'::time::date

query T
SELECT '2002 03-04'::timestamp::date;
----
2002-03-04

query T
SELECT '2003 04-05'::timestamptz::date;
----
2003-04-05

query R
SELECT 1::bigint::numeric;
----
1.0000

query error CAST does not support casting from boolean to numeric\(38,0\)
SELECT TRUE::boolean::numeric

query error CAST does not support casting from date to numeric\(38,0\)
SELECT '2001 02-03'::date::numeric

query R
SELECT 1.1::numeric::numeric;
----
1.0000

query R
SELECT 1.2::double::numeric;
----
1.0000

query R
SELECT 1.3::real::numeric;
----
1.0000

query R
SELECT 2::int::numeric;
----
2.0000

query error CAST does not support casting from interval to numeric\(38,0\)
SELECT '1'::interval::numeric

query error cannot cast jsonb object to type numeric
SELECT '{}'::jsonb::numeric;

query R
SELECT '1'::jsonb::numeric;
----
1.0000

query error invalid input syntax for type numeric: malformed numeric literal: dog: "dog"
SELECT 'dog'::text::numeric

query error CAST does not support casting from time to numeric\(38,0\)
SELECT '01:02:03'::time::numeric

query error CAST does not support casting from timestamp to numeric\(38,0\)
SELECT '2002 03-04'::timestamp::numeric

query error CAST does not support casting from timestamp with time zone to numeric\(38,0\)
SELECT '2003 04-05'::timestamptz::numeric

query T
SELECT 1::bigint::double;
----
1.000

query error CAST does not support casting from boolean to double precision
SELECT TRUE::boolean::double

query error CAST does not support casting from date to double precision
SELECT '2001 02-03'::date::double

query T
SELECT 1.1::numeric::double;
----
1.000

query T
SELECT 1.2::double::double;
----
1.200

query T
SELECT 1.3::real::double;
----
1.300

query T
SELECT 2::int::double;
----
2.000

query error CAST does not support casting from interval to double precision
SELECT '1'::interval::double

query error cannot cast jsonb object to type double precision
SELECT '{}'::jsonb::double;

query T
SELECT '1'::jsonb::double;
----
1.000

query error invalid input syntax for type double precision: "dog"
SELECT 'dog'::text::double

query error CAST does not support casting from time to double precision
SELECT '01:02:03'::time::double

query error CAST does not support casting from timestamp to double precision
SELECT '2002 03-04'::timestamp::double

query error CAST does not support casting from timestamp with time zone to double precision
SELECT '2003 04-05'::timestamptz::double

query T
SELECT 1::bigint::real;
----
1.000

query error CAST does not support casting from boolean to real
SELECT TRUE::boolean::real

query error CAST does not support casting from date to real
SELECT '2001 02-03'::date::real

query T
SELECT 1.1::numeric::real;
----
1.000

query T
SELECT 1.2::double::real;
----
1.200

query T
SELECT 1.3::real::real;
----
1.300

query T
SELECT 2::int::real;
----
2.000

query error CAST does not support casting from interval to real
SELECT '1'::interval::real

query error cannot cast jsonb object to type real
SELECT '{}'::jsonb::real;

query R
SELECT '2'::jsonb::real;
----
2.000

query error invalid input syntax for type real: "dog"
SELECT 'dog'::text::real

query error CAST does not support casting from time to real
SELECT '01:02:03'::time::real

query error CAST does not support casting from timestamp to real
SELECT '2002 03-04'::timestamp::real

query error CAST does not support casting from timestamp with time zone to real
SELECT '2003 04-05'::timestamptz::real

query T
SELECT 1::bigint::integer;
----
1

query error CAST does not support casting from date to integer
SELECT '2001 02-03'::date::integer

query T
SELECT 1.1::numeric::integer;
----
1

query T
SELECT 1.2::double::integer;
----
1

query T
SELECT 1.3::real::integer;
----
1

query T
SELECT 2::int::integer;
----
2

query error CAST does not support casting from interval to integer
SELECT '1'::interval::integer

query error cannot cast jsonb object to type integer
SELECT '{}'::jsonb::integer;

query R
SELECT '1'::jsonb::integer;
----
1

query error invalid input syntax for type integer: invalid digit found in string: "dog"
SELECT 'dog'::text::integer

query error CAST does not support casting from time to integer
SELECT '01:02:03'::time::integer

query error CAST does not support casting from timestamp to integer
SELECT '2002 03-04'::timestamp::integer

query error CAST does not support casting from timestamp with time zone to integer
SELECT '2003 04-05'::timestamptz::integer

query error CAST does not support casting from bigint to interval
SELECT 1::bigint::interval

query error CAST does not support casting from boolean to interval
SELECT TRUE::boolean::interval

query error CAST does not support casting from date to interval
SELECT '2001 02-03'::date::interval

query error CAST does not support casting from numeric\(38,0\) to interval
SELECT 1.1::numeric::interval

query error CAST does not support casting from double precision to interval
SELECT 1.2::double::interval

query error CAST does not support casting from real to interval
SELECT 1.3::real::interval

query error CAST does not support casting from integer to interval
SELECT 2::int::interval

query T
SELECT '1'::interval::interval;
----
00:00:01

query error CAST does not support casting from jsonb to interval
SELECT '{}'::jsonb::interval

query error invalid input syntax for type interval: invalid DateTimeField: DOG: "dog"
SELECT 'dog'::text::interval

query T
SELECT '01:02:03'::time::interval;
----
01:02:03

query error CAST does not support casting from timestamp to interval
SELECT '2002 03-04'::timestamp::interval

query error CAST does not support casting from timestamp with time zone to interval
SELECT '2003 04-05'::timestamptz::interval

query error CAST does not support casting from bigint to jsonb
SELECT 1::bigint::jsonb

#pginvalid
query error CAST does not support casting from boolean to jsonb
SELECT TRUE::boolean::jsonb;

query error CAST does not support casting from date to jsonb
SELECT '2001 02-03'::date::jsonb

query error CAST does not support casting from numeric\(38,0\) to jsonb
SELECT 1.1::numeric::jsonb

query error CAST does not support casting from double precision to jsonb
SELECT 1.2::double::jsonb;

query error CAST does not support casting from integer to jsonb
SELECT 2::int::jsonb;

query error CAST does not support casting from interval to jsonb
SELECT '1'::interval::jsonb

query T
SELECT '{}'::jsonb::jsonb;
----
{}

query T
SELECT '1'::jsonb::jsonb;
----
1

query error CAST does not support casting from time to jsonb
SELECT '01:02:03'::time::jsonb

query error CAST does not support casting from timestamp to jsonb
SELECT '2002 03-04'::timestamp::jsonb

query error CAST does not support casting from timestamp with time zone to jsonb
SELECT '2003 04-05'::timestamptz::jsonb

query T
SELECT 1::bigint::text;
----
1

query T
SELECT TRUE::boolean::text;
----
true

query T
SELECT '2001 02-03'::date::text;
----
2001-02-03

query T
SELECT 1.1::numeric::text;
----
1

query T
SELECT 1.2::double::text;
----
1.2

query T
SELECT 1.3::real::text;
----
1.3

query T
SELECT 2::int::text;
----
2

query T
SELECT '1'::interval::text;
----
00:00:01

query T
SELECT '{}'::jsonb::text;
----
{}

query T
SELECT '1'::jsonb::text;
----
1

query T
SELECT 'dog'::text::text;
----
dog

query T
SELECT '01:02:03'::time::text;
----
01:02:03

query T
SELECT '2002 03-04'::timestamp::text;
----
2002-03-04 00:00:00

query T
SELECT '2003 04-05'::timestamptz::text;
----
2003-04-05 00:00:00+00

query error CAST does not support casting from bigint to time
SELECT 1::bigint::time

query error CAST does not support casting from boolean to time
SELECT TRUE::boolean::time

query error CAST does not support casting from date to time
SELECT '2001 02-03'::date::time

query error CAST does not support casting from numeric\(38,0\) to time
SELECT 1.1::numeric::time

query error CAST does not support casting from double precision to time
SELECT 1.2::double::time

query error CAST does not support casting from real to time
SELECT 1.3::real::time

query error CAST does not support casting from integer to time
SELECT 2::int::time

query T
SELECT '1'::interval::time;
----
 00:00:01

query error CAST does not support casting from jsonb to time
SELECT '{}'::jsonb::time

query error invalid input syntax for type time: invalid DateTimeField: DOG: "dog"
SELECT 'dog'::text::time

query T
SELECT '01:02:03'::time::time;
----
 01:02:03

query error CAST does not support casting from timestamp to time
SELECT '2002 03-04'::timestamp::time

query error CAST does not support casting from timestamp with time zone to time
SELECT '2003 04-05'::timestamptz::time

query error CAST does not support casting from bigint to timestamp
SELECT 1::bigint::timestamp

query error CAST does not support casting from boolean to timestamp
SELECT TRUE::boolean::timestamp

query T
SELECT '2001 02-03'::date::timestamp;
----
2001-02-03 00:00:00

query error CAST does not support casting from numeric\(38,0\) to timestamp
SELECT 1.1::numeric::timestamp

query error CAST does not support casting from double precision to timestamp
SELECT 1.2::double::timestamp

query error CAST does not support casting from real to timestamp
SELECT 1.3::real::timestamp

query error CAST does not support casting from integer to timestamp
SELECT 2::int::timestamp

query error CAST does not support casting from interval to timestamp
SELECT '1'::interval::timestamp

query error CAST does not support casting from jsonb to timestamp
SELECT '{}'::jsonb::timestamp

query error invalid input syntax for type timestamp: YEAR, MONTH, DAY are all required: "dog"
SELECT 'dog'::text::timestamp

query error CAST does not support casting from time to timestamp
SELECT '01:02:03'::time::timestamp

query T
SELECT '2002 03-04'::timestamp::timestamp;
----
2002-03-04 00:00:00

query T
SELECT '2003 04-05'::timestamptz::timestamp;
----
2003-04-05 00:00:00

query error CAST does not support casting from bigint to timestamp with time zone
SELECT 1::bigint::timestamptz

query error CAST does not support casting from boolean to timestamp with time zone
SELECT TRUE::boolean::timestamptz

query T
SELECT '2001 02-03'::date::timestamptz;
----
2001-02-03 00:00:00+00

query error CAST does not support casting from numeric\(38,0\) to timestamp with time zone
SELECT 1.1::numeric::timestamptz

query error CAST does not support casting from double precision to timestamp with time zone
SELECT 1.2::double::timestamptz

query error CAST does not support casting from real to timestamp with time zone
SELECT 1.3::real::timestamptz

query error CAST does not support casting from integer to timestamp with time zone
SELECT 2::int::timestamptz

query error CAST does not support casting from interval to timestamp with time zone
SELECT '1'::interval::timestamptz

query error CAST does not support casting from jsonb to timestamp with time zone
SELECT '{}'::jsonb::timestamptz

query error invalid input syntax for type timestamp with time zone: YEAR, MONTH, DAY are all required: "dog"
SELECT 'dog'::text::timestamptz

query error CAST does not support casting from time to timestamp with time zone
SELECT '01:02:03'::time::timestamptz

query T
SELECT '2002 03-04'::timestamp::timestamptz;
----
2002-03-04 00:00:00+00

query T
SELECT '2003 04-05'::timestamptz::timestamptz;
----
2003-04-05 00:00:00+00
